"period","month","day","airline","src","dst","distance","SrcWeather","DstWeather","arrivalDelay"
"summer","August","Thursday","Aegean Airlines","Greece","Israel","short","",,"on time"
"summer","August","Thursday","Corendon Airlines","Turkey","Israel","short","",,"slight delay"
"summer","August","Thursday","Turkish Airlines","Turkey","Israel","short","",,"on time"
"summer","August","Thursday","LOT (Independence Livery)","Poland","Israel","mid","",,"on time"
"summer","August","Thursday","El Al","France","Israel","mid","",,"on time"
"summer","August","Wednesday","KLM (SkyTeam Livery)","Netherlands","Israel","mid","",,"on time"
"summer","August","Thursday","Turkish Airlines","Turkey","Israel","short","",,"on time"
"summer","August","Thursday","AnadoluJet","Turkey","Israel","short","",,"on time"
"summer","August","Thursday","Wizz Air","Bulgaria","Israel","mid","",,"on time"
"summer","August","Thursday","VistaJet Malta","Greece","Israel","short","",,"on time"
"summer","August","Thursday","Aegean Airlines","Greece","Israel","short","",,"on time"
"summer","August","Wednesday","United Airlines","United States","Israel","long","",,"on time"
"summer","August","Thursday","Wizz Air","Hungary","Israel","mid","",,"on time"
"summer","August","Thursday","AirPink","Turkey","Israel","short","",,"on time"
"summer","August","Thursday","Wizz Air","Italy","Israel","mid","",,"on time"
"summer","August","Thursday","Aegean Airlines","Greece","Israel","short","",,"heavy delay"
"summer","August","Thursday","Smartwings","Czechia","Israel","mid","",,"heavy delay"
"summer","August","Thursday","Ryanair","Italy","Israel","mid","",,"on time"
"summer","August","Thursday","Neos","Bulgaria","Israel","short","",,"on time"
"summer","August","Thursday","Pegasus","Turkey","Israel","short","",,"heavy delay"
"summer","August","Wednesday","El Al","Thailand","Israel","long","",,"on time"
"summer","August","Thursday","British Airways","United Kingdom","Israel","long","",,"heavy delay"
"summer","August","Wednesday","Neos","Portugal","Israel","long","",,"on time"
"summer","August","Thursday","Pegasus","Turkey","Israel","short","",,"on time"
"summer","August","Thursday","MNG Airlines","Turkey","Israel","short","",,"heavy delay"
"summer","August","Thursday","Lufthansa","Germany","Israel","mid","",,"slight delay"
"summer","August","Thursday","Wizz Air","Hungary","Israel","mid","",,"slight delay"
"summer","August","Thursday","Swiss","Switzerland","Israel","mid","",,"on time"
"summer","August","Thursday","Delta Air Lines","United States","Israel","long","",,"on time"
"summer","August","Thursday","El Al","Spain","Israel","long","",,"slight delay"
"summer","August","Thursday","San Marino Executive Aviation","Belgium","Israel","mid","",,"on time"
"summer","August","Thursday","Corendon Airlines","Greece","Israel","short","",,"slight delay"
"summer","August","Thursday","Lufthansa","Germany","Israel","mid","",,"slight delay"
"summer","August","Thursday","Transavia","Netherlands","Israel","mid","",,"on time"
"summer","August","Thursday","LOT","Poland","Israel","mid","",,"on time"
"summer","August","Thursday","El Al","Greece","Israel","short","",,"on time"
"summer","August","Thursday","AnadoluJet","Turkey","Israel","short","",,"on time"
"summer","August","Thursday","Israir Airlines","Egypt","Israel","short","",,"heavy delay"
"summer","August","Thursday","El Al","United Kingdom","Israel","long","",,"on time"
"summer","August","Thursday","Turkish Airlines","Turkey","Israel","short","",,"on time"
"summer","August","Thursday","Tarom","Romania","Israel","mid","",,"on time"
"summer","August","Friday","Arkia Israeli Airlines","Spain","Israel","mid","",,"heavy delay"
"summer","August","Thursday","Pegasus","Turkey","Israel","short","",,"on time"
"summer","August","Friday","El Al","Germany","Israel","mid","",,"heavy delay"
"summer","August","Thursday","Air X Charter","Italy","Israel","mid","",,"on time"
"summer","August","Friday","El Al","Italy","Israel","mid","",,"on time"
"summer","August","Friday","El Al","Poland","Israel","mid","",,"heavy delay"
"summer","August","Thursday","El Al","Hungary","Israel","mid","",,"slight delay"
"summer","August","Friday","El Al","Georgia","Israel","short","",,"on time"
"summer","August","Friday","El Al","United Kingdom","Israel","long","",,"slight delay"
"summer","August","Friday","El Al","Spain","Israel","mid","",,"slight delay"
"summer","August","Thursday","El Al","United States","Israel","long","",,"on time"
"summer","August","Friday","RedWings","Russia","Israel","mid","",,"on time"
"summer","August","Friday","Delta Air Lines","United States","Israel","long","",,"heavy delay"
"summer","August","Friday","Pegasus","Turkey","Israel","short","",,"on time"
"summer","August","Friday","Ryanair","Lithuania","Israel","mid","",,"on time"
"summer","August","Friday","Lauda Europe","Austria","Israel","mid","",,"slight delay"
"summer","August","Friday","Ryanair","Hungary","Israel","mid","",,"on time"
"summer","August","Thursday","Smartwings","Czechia","Israel","mid","",,"heavy delay"
"summer","August","Wednesday","Arkia Israeli Airlines","France","Israel","mid","",,"slight delay"
"summer","August","Wednesday","El Al","France","Israel","mid","",,"on time"
"summer","August","Thursday","Swiss","Switzerland","Israel","mid","",,"slight delay"
"summer","August","Wednesday","Israir Airlines (Future Peace Partnership Livery)","Morocco","Israel","long","",,"on time"
"summer","August","Thursday","AirACT","Belgium","Israel","mid","",,"slight delay"
"summer","August","Thursday","Vueling","Spain","Israel","mid","",,"heavy delay"
"summer","August","Thursday","El Al","United Kingdom","Israel","long","",,"on time"
"summer","August","Wednesday","El Al","United States","Israel","long","",,"on time"
"summer","August","Thursday","Royal Jordanian","Jordan","Israel","short","",,"on time"
"summer","August","Thursday","Uzbekistan Airways","Uzbekistan","Israel","mid","",,"on time"
"summer","August","Thursday","Pegasus","Turkey","Israel","short","",,"on time"
"summer","August","Thursday","Wizz Air","Romania","Israel","mid","",,"on time"
"summer","August","Thursday","SunExpress","Turkey","Israel","short","",,"on time"
"summer","August","Thursday","AnadoluJet","Turkey","Israel","short","",,"slight delay"
"summer","August","Thursday","Azerbaijan Airlines","Azerbaijan","Israel","mid","",,"on time"
"summer","August","Thursday","El Al","Cyprus","Israel","short","",,"on time"
"summer","August","Thursday","Gulf Air","Bahrain","Israel","mid","",,"on time"
"summer","August","Thursday","easyJet","Germany","Israel","mid","",,"on time"
"summer","August","Thursday","easyJet","Netherlands","Israel","mid","",,"on time"
"summer","August","Thursday","Israir Airlines (Future Peace Partnership Livery)","Germany","Israel","mid","",,"on time"
"summer","August","Friday","Smartwings","Greece","Israel","short","",,"slight delay"
"summer","August","Thursday","El Al","Egypt","Israel","short","",,"on time"
"summer","August","Thursday","El Al","United States","Israel","long","",,"on time"
"summer","August","Thursday","Arkia Israeli Airlines","Greece","Israel","short","",,"heavy delay"
"summer","August","Thursday","Lufthansa","Germany","Israel","mid","",,"on time"
"summer","August","Thursday","United Airlines","United States","Israel","long","",,"heavy delay"
"summer","August","Thursday","Silk Way Airlines","Azerbaijan","Israel","mid","",,"slight delay"
"summer","August","Thursday","United Airlines","United States","Israel","long","",,"slight delay"
"summer","August","Thursday","Transavia","France","Israel","mid","",,"on time"
"summer","August","Thursday","Tus Airways","Cyprus","Israel","short","",,"on time"
"summer","August","Thursday","Israir Airlines (Future Peace Partnership Livery)","Greece","Israel","short","",,"slight delay"
"summer","August","Thursday","easyJet","Germany","Israel","mid","",,"slight delay"
"summer","August","Thursday","Aegean Airlines","Greece","Israel","short","",,"slight delay"
"summer","August","Thursday","Wizz Air","Austria","Israel","mid","",,"slight delay"
"summer","August","Thursday","United Airlines (Star Alliance Livery)","United States","Israel","long","",,"on time"
"summer","August","Friday","Smartwings","Greece","Israel","mid","",,"heavy delay"
"summer","August","Thursday","Fly One","Moldova","Israel","mid","",,"slight delay"
"summer","August","Thursday","HiSky","Moldova","Israel","mid","",,"slight delay"
"summer","August","Thursday","Wizz Air","Italy","Israel","mid","",,"on time"
"summer","August","Thursday","Tus Airways","Cyprus","Israel","short","",,"slight delay"
"summer","August","Thursday","LEVEL","Spain","Israel","long","",,"on time"
"summer","August","Thursday","Lufthansa","Germany","Israel","mid","",,"on time"
"summer","August","Thursday","Transavia","France","Israel","mid","",,"on time"
"summer","August","Thursday","Israir Airlines (Future Peace Partnership Livery)","Georgia","Israel","short","",,"on time"
"summer","August","Friday","Aegean Airlines","Greece","Israel","short","",,"on time"
"summer","August","Thursday","El Al","Russia","Israel","mid","",,"on time"
"summer","August","Friday","Tus Airways","Serbia","Israel","mid","",,"on time"
"summer","August","Thursday","El Al","Germany","Israel","mid","",,"on time"
"summer","August","Friday","El Al","Hungary","Israel","mid","",,"heavy delay"
"summer","August","Friday","Vueling","Spain","Israel","mid","",,"on time"
"summer","August","Thursday","Air Baltic","Latvia","Israel","mid","",,"on time"
"summer","August","Friday","El Al","United Kingdom","Israel","long","",,"on time"
"summer","August","Thursday","El Al","United States","Israel","long","",,"on time"
"summer","August","Friday","flydubai","United Arab Emirates","Israel","mid","",,"on time"
"summer","August","Friday","Turkish Airlines","Turkey","Israel","short","",,"on time"
"summer","August","Friday","Aegean Airlines","Greece","Israel","short","",,"slight delay"
"summer","August","Friday","Transavia","France","Israel","mid","",,"on time"
"summer","August","Friday","Wizz Air","Poland","Israel","mid","",,"slight delay"
"summer","August","Friday","easyJet","Switzerland","Israel","mid","",,"slight delay"
"summer","August","Thursday","flydubai","United Arab Emirates","Israel","mid","",,"slight delay"
"summer","August","Thursday","Israir Airlines","Georgia","Israel","short","",,"slight delay"
"summer","August","Thursday","Tus Airways","Cyprus","Israel","short","",,"on time"
"summer","August","Thursday","Israir Airlines (Future Peace Partnership Livery)","Israel","Israel","short","",,"heavy delay"
"summer","August","Thursday","flydubai","United Arab Emirates","Israel","mid","",,"on time"
"summer","August","Thursday","Air Europa","Spain","Israel","mid","",,"slight delay"
"summer","August","Thursday","El Al","Portugal","Israel","long","",,"slight delay"
"summer","August","Thursday","SmartWings","Czechia","Israel","mid","",,"on time"
"summer","August","Thursday","El Al","Georgia","Israel","short","",,"on time"
"summer","August","Wednesday","El Al","Netherlands","Israel","mid","",,"on time"
"summer","August","Thursday","Neos","Italy","Israel","mid","",,"on time"
"summer","August","Thursday","Turkish Airlines","Turkey","Israel","short","",,"on time"
"summer","August","Thursday","El Al","Hungary","Israel","mid","",,"on time"
"summer","August","Thursday","Wizz Air","Hungary","Israel","mid","",,"heavy delay"
"summer","August","Wednesday","El Al (Jerusalem of Gold Livery)","United States","Israel","long","",,"on time"
"summer","August","Thursday","AirSERBIA","Serbia","Israel","mid","",,"slight delay"
"summer","August","Thursday","Air Canada","Canada","Israel","long","",,"on time"
"summer","August","Thursday","Etihad Airways","United Arab Emirates","Israel","mid","",,"on time"
"summer","August","Thursday","Pegasus","Turkey","Israel","short","",,"on time"
"summer","August","Thursday","Bluebird Airways","Greece","Israel","short","",,"heavy delay"
"summer","August","Thursday","El Al","Cyprus","Israel","short","",,"slight delay"
"summer","August","Thursday","El Al","Italy","Israel","mid","",,"slight delay"
"summer","August","Thursday","MNG Airlines","Turkey","Israel","short","",,"slight delay"
"summer","August","Thursday","Austrian Airlines","Austria","Israel","mid","",,"on time"
"summer","August","Thursday","Lufthansa Cargo","Germany","Israel","mid","",,"on time"
"summer","August","Thursday","El Al","Spain","Israel","mid","",,"on time"
"summer","August","Thursday","El Al","United Kingdom","Israel","long","",,"on time"
"summer","August","Thursday","El Al","Italy","Israel","mid","",,"slight delay"
"summer","August","Thursday","Turkish Airlines","Turkey","Israel","short","",,"on time"
"summer","August","Thursday","El Al","Switzerland","Israel","mid","",,"on time"
"summer","August","Thursday","Bulgaria Air","Bulgaria","Israel","mid","",,"on time"
"summer","August","Thursday","Emirates","United Arab Emirates","Israel","mid","",,"on time"
"summer","August","Thursday","Austrian Airlines","Austria","Israel","mid","",,"on time"
"summer","August","Thursday","El Al","Cyprus","Israel","short","",,"slight delay"
"summer","August","Thursday","Smartwings","Georgia","Israel","short","",,"on time"
"summer","August","Thursday","El Al","France","Israel","mid","",,"slight delay"
"summer","August","Thursday","Turkish Airlines","Turkey","Israel","short","",,"slight delay"
"summer","August","Thursday","El Al","Russia","Israel","mid","",,"on time"
"summer","August","Thursday","Cyprus Airways","Cyprus","Israel","short","",,"on time"
"summer","August","Thursday","TAP Air Portugal","Portugal","Israel","long","",,"slight delay"
"summer","August","Thursday","Arkia Israeli Airlines","Romania","Israel","mid","",,"on time"
"summer","August","Thursday","Pegasus","Turkey","Israel","short","",,"on time"
"summer","August","Thursday","El Al","Germany","Israel","mid","",,"on time"
"summer","August","Thursday","El Al","Romania","Israel","mid","",,"on time"
"summer","August","Thursday","Israir Airlines (Israel-UAE Agreement Livery)","Czechia","Israel","mid","",,"heavy delay"
"summer","August","Friday","Pegasus","Turkey","Israel","short","",,"on time"
"summer","August","Thursday","KLM","Netherlands","Israel","mid","",,"on time"
"summer","August","Thursday","El Al","Netherlands","Israel","mid","",,"on time"
"summer","August","Friday","Turkish Airlines","Turkey","Israel","short","",,"heavy delay"
"summer","August","Friday","Trade Air","Montenegro","Israel","mid","",,"heavy delay"
"summer","August","Friday","El Al (Jerusalem of Gold Livery)","France","Israel","mid","",,"slight delay"
"summer","August","Friday","Smartwings","Czechia","Israel","mid","",,"slight delay"
"summer","August","Friday","Arkia Israeli Airlines","France","Israel","mid","",,"slight delay"
"summer","August","Friday","Wizz Air","Romania","Israel","mid","",,"slight delay"
"summer","August","Friday","Royal Air Maroc","Morocco","Israel","long","",,"on time"
"summer","August","Friday","AnadoluJet","Turkey","Israel","short","",,"heavy delay"
"summer","August","Friday","Air Canada","Canada","Israel","long","",,"on time"
"summer","August","Friday","El Al","United States","Israel","long","",,"on time"
"summer","August","Friday","Ryanair","Italy","Israel","mid","",,"on time"
"summer","August","Friday","Challenge Airlines","Belgium","Israel","mid","",,"on time"
"summer","August","Thursday","Aegean Airlines","Greece","Israel","short","",,"on time"
"summer","August","Thursday","Israir Airlines","Georgia","Israel","short","",,"heavy delay"
"summer","August","Wednesday","Brussels Airlines","Belgium","Israel","mid","",,"heavy delay"
"summer","August","Thursday","El Al","Italy","Israel","mid","",,"on time"
"summer","August","Wednesday","El Al","Czechia","Israel","mid","",,"on time"
"summer","August","Thursday","ITA Airways","Italy","Israel","mid","",,"on time"
"summer","August","Wednesday","El Al","United States","Israel","long","",,"on time"
"summer","August","Thursday","FedEx","Germany","Israel","mid","",,"on time"
"summer","August","Thursday","Wizz Air","Cyprus","Israel","short","",,"slight delay"
"summer","August","Wednesday","Cathay Pacific","Hong Kong","Israel","long","",,"on time"
"summer","August","Thursday","Wizz Air","Romania","Israel","mid","",,"on time"
"summer","August","Thursday","Wizz Air","Romania","Israel","mid","",,"on time"
"summer","August","Thursday","DHL (Hello - Servus Austria Livery)","Germany","Israel","mid","",,"slight delay"
"summer","August","Thursday","Air Canada","Canada","Israel","long","",,"heavy delay"
"summer","August","Thursday","Wizz Air","Greece","Israel","short","",,"on time"
"summer","August","Thursday","El Al","United States","Israel","long","",,"on time"
"summer","August","Thursday","easyJet","France","Israel","mid","",,"on time"
"summer","August","Thursday","easyJet","Italy","Israel","mid","",,"on time"
"summer","August","Thursday","Smartwings","Georgia","Israel","short","",,"slight delay"
"summer","August","Thursday","Norwegian (N.F.S. Gruntvig Livery)","Sweden","Israel","mid","",,"on time"
"summer","August","Thursday","El Al","Romania","Israel","mid","",,"slight delay"
"summer","August","Thursday","Israir Airlines (Future Peace Partnership Livery)","Czechia","Israel","mid","",,"slight delay"
"summer","August","Thursday","Bluebird Airways","Greece","Israel","short","",,"heavy delay"
"summer","August","Thursday","Israir Airlines (Israel-UAE Agreement Livery)","Montenegro","Israel","mid","",,"slight delay"
"summer","August","Thursday","El Al","Italy","Israel","mid","",,"on time"
"summer","August","Thursday","Transavia","France","Israel","mid","",,"on time"
"summer","August","Thursday","Wizz Air","Bulgaria","Israel","short","",,"on time"
"summer","August","Thursday","Wizz Air","Poland","Israel","mid","",,"on time"
"summer","August","Thursday","El Al","Netherlands","Israel","mid","",,"on time"
"summer","August","Thursday","El Al","United States","Israel","long","",,"on time"
"summer","August","Thursday","Smartwings","Greece","Israel","short","",,"heavy delay"
"summer","August","Thursday","American Airlines","United States","Israel","long","",,"on time"
"summer","August","Thursday","Norwegian (Karen Blixen Livery)","Denmark","Israel","mid","",,"on time"
"summer","August","Thursday","Bluebird Airways","Greece","Israel","short","",,"heavy delay"
"summer","August","Thursday","Azerbaijan Airlines","Azerbaijan","Israel","mid","",,"on time"
"summer","August","Thursday","Ryanair","Cyprus","Israel","short","",,"on time"
"summer","August","Thursday","El Al","Greece","Israel","short","",,"slight delay"
"summer","August","Thursday","El Al","United Arab Emirates","Israel","mid","",,"on time"
"summer","August","Thursday","Tus Airways","Germany","Israel","mid","",,"heavy delay"
"summer","August","Thursday","Wizz Air","United Kingdom","Israel","long","",,"slight delay"
"summer","August","Thursday","AnadoluJet","Turkey","Israel","short","",,"slight delay"
"summer","August","Thursday","El Al","Austria","Israel","mid","",,"slight delay"
"summer","August","Thursday","Turkish Cargo","Turkey","Israel","short","",,"on time"
"summer","August","Friday","Smartwings","Georgia","Israel","short","",,"heavy delay"
"summer","August","Thursday","Lufthansa","Germany","Israel","mid","",,"on time"
"summer","August","Thursday","Blue Air","Romania","Israel","mid","",,"slight delay"
"summer","August","Friday","LOT","Poland","Israel","mid","",,"on time"
"summer","August","Thursday","flydubai","United Arab Emirates","Israel","mid","",,"on time"
"summer","August","Friday","Corendon Airlines (Antalyaspor Livery)","Turkey","Israel","short","",,"slight delay"
"summer","August","Friday","Ethiopian Airlines","Ethiopia","Israel","mid","",,"on time"
"summer","August","Friday","Corendon Airlines (Eurovision 2020 Livery)","Turkey","Israel","short","",,"on time"
"summer","August","Thursday","El Al","United States","Israel","long","",,"on time"
"summer","August","Friday","El Al","Portugal","Israel","long","",,"on time"
"summer","August","Friday","flydubai","United Arab Emirates","Israel","mid","",,"on time"
"summer","August","Friday","El Al","Canada","Israel","long","",,"slight delay"
"summer","August","Friday","Pegasus","Turkey","Israel","short","",,"heavy delay"
"summer","August","Thursday","United Airlines","United States","Israel","long","",,"on time"
"summer","August","Friday","Wizz Air","Bulgaria","Israel","short","",,"on time"
"summer","August","Friday","Wizz Air","Italy","Israel","mid","",,"slight delay"
"summer","August","Friday","LOT","Poland","Israel","mid","",,"slight delay"
"summer","August","Thursday","Aegean Airlines","Greece","Israel","short","",,"on time"
"summer","August","Wednesday","El Al","Italy","Israel","mid","",,"on time"
"summer","August","Thursday","Israir Airlines (Israel-UAE Agreement Livery)","Czechia","Israel","mid","",,"heavy delay"
"summer","August","Wednesday","Tus Airways","Italy","Israel","mid","",,"on time"
"summer","August","Thursday","Corendon Airlines (Antalyaspor Livery)","Turkey","Israel","short","",,"on time"
"summer","August","Wednesday","El Al","Spain","Israel","long","",,"on time"
"summer","August","Thursday","Ethiopian Airlines","Ethiopia","Israel","mid","",,"slight delay"
"summer","August","Thursday","Virgin Atlantic","United Kingdom","Israel","long","",,"on time"
"summer","August","Thursday","El Al","Morocco","Israel","long","",,"on time"
"summer","August","Wednesday","El Al","United States","Israel","long","",,"on time"
"summer","August","Thursday","Air Moldova","Moldova","Israel","mid","",,"heavy delay"
"summer","August","Thursday","DHL","Belgium","Israel","mid","",,"on time"
"summer","August","Thursday","Aegean Airlines","Greece","Israel","short","",,"on time"
"summer","August","Thursday","Pegasus","Turkey","Israel","short","",,"on time"
"summer","August","Thursday","Tus Airways","Cyprus","Israel","short","",,"on time"
"summer","August","Thursday","Israir Airlines (Israel-UAE Agreement Livery)","Hungary","Israel","mid","",,"heavy delay"
"summer","August","Thursday","Tus Airways","Cyprus","Israel","short","",,"slight delay"
"summer","August","Thursday","Wizz Air","Greece","Israel","short","",,"heavy delay"
"summer","August","Thursday","El Al","Greece","Israel","short","",,"on time"
"summer","August","Thursday","Smartwings","Greece","Israel","short","",,"heavy delay"
"summer","August","Thursday","Corendon Airlines (Antalyaspor Livery)","Turkey","Israel","short","",,"on time"
"summer","August","Thursday","Turkish Airlines","Turkey","Israel","short","",,"slight delay"
"summer","August","Thursday","ITA Airways","Italy","Israel","mid","",,"on time"
"summer","August","Thursday","easyJet","United Kingdom","Israel","long","",,"heavy delay"
"summer","August","Thursday","Air France","France","Israel","mid","",,"slight delay"
"summer","August","Thursday","Brussels Airlines","Belgium","Israel","mid","",,"on time"
"summer","August","Thursday","El Al","France","Israel","mid","",,"on time"
"summer","August","Thursday","El Al","Germany","Israel","mid","",,"on time"
"summer","August","Thursday","El Al","France","Israel","mid","",,"slight delay"
"summer","August","Thursday","American Airlines (Oneworld Livery)","United States","Israel","long","",,"on time"
"summer","August","Thursday","Wizz Air","Romania","Israel","mid","",,"slight delay"
"summer","August","Thursday","Ryanair","Belgium","Israel","mid","",,"slight delay"
"summer","August","Thursday","easyJet","France","Israel","mid","",,"on time"
"summer","August","Thursday","Ryanair","Italy","Israel","mid","",,"heavy delay"
"summer","August","Thursday","Turkish Airlines","Turkey","Israel","short","",,"heavy delay"
"summer","August","Thursday","easyJet (NEO Livery)","United Kingdom","Israel","long","",,"on time"
"summer","August","Thursday","easyJet (Europcar Livery)","United Kingdom","Israel","long","",,"on time"
"summer","August","Thursday","Wizz Air","Hungary","Israel","mid","",,"heavy delay"
"summer","August","Thursday","El Al","Austria","Israel","mid","",,"heavy delay"
"summer","August","Thursday","Wizz Air","United Kingdom","Israel","long","",,"heavy delay"
"summer","August","Thursday","","Turkey","Israel","short","",,"on time"
"summer","August","Thursday","flydubai","United Arab Emirates","Israel","mid","",,"on time"
"summer","August","Thursday","Pegasus","Turkey","Israel","short","",,"on time"
"summer","August","Thursday","British Airways","United Kingdom","Israel","long","",,"heavy delay"
"summer","August","Thursday","Austrian Airlines","Austria","Israel","mid","",,"heavy delay"
"summer","August","Friday","Aegean Airlines","Greece","Israel","short","",,"on time"
"summer","August","Friday","Turkish Airlines","Turkey","Israel","short","",,"slight delay"
"summer","August","Thursday","Brussels Airlines","Belgium","Israel","mid","",,"slight delay"
"summer","August","Friday","Swiss","Switzerland","Israel","mid","",,"slight delay"
"summer","August","Friday","El Al","Italy","Israel","mid","",,"heavy delay"
"summer","August","Friday","ITA Airways","Italy","Israel","mid","",,"on time"
"summer","August","Friday","Croatia Airlines","Croatia","Israel","mid","",,"on time"
"summer","August","Friday","Virgin Atlantic","United Kingdom","Israel","long","",,"on time"
"summer","August","Thursday","El Al (Retro Livery)","Thailand","Israel","long","",,"on time"
"summer","August","Friday","Wizz Air","Bulgaria","Israel","mid","",,"on time"
"summer","August","Friday","Wizz Air","Hungary","Israel","mid","",,"on time"
"summer","August","Friday","AnadoluJet","Turkey","Israel","short","",,"on time"
"summer","August","Friday","Ryanair","Cyprus","Israel","short","",,"on time"
"summer","August","Friday","EgyptAir","Egypt","Israel","short","",,"slight delay"
"summer","August","Friday","Tus Airways","Greece","Israel","short","",,"on time"
"summer","August","Thursday","Air France","France","Israel","mid","",,"on time"
"summer","August","Thursday","FedEx","Austria","Israel","mid","",,"slight delay"
"summer","August","Saturday","easyJet","Netherlands","Israel","mid","",,"on time"
"summer","August","Saturday","Israir Airlines (Israel-UAE Agreement Livery)","Italy","Israel","mid","",,"slight delay"
"summer","August","Saturday","Smartwings","Greece","Israel","short","",,"on time"
"summer","August","Saturday","Red Wings","Russia","Israel","mid","",,"on time"
"summer","August","Saturday","Bluebird Airways","Cyprus","Israel","short","",,"heavy delay"
"summer","August","Saturday","VistaJet Malta","Turkey","Israel","short","",,"heavy delay"
"summer","August","Saturday","Smartwings","Montenegro","Israel","mid","",,"on time"
"summer","August","Saturday","Austrian Airlines","Austria","Israel","mid","",,"slight delay"
"summer","August","Saturday","easyJet","Italy","Israel","mid","",,"on time"
"summer","August","Saturday","Wizz Air","Romania","Israel","mid","",,"slight delay"
"summer","August","Saturday","","Switzerland","Israel","mid","",,"slight delay"
"summer","August","Saturday","Wizz Air","United Kingdom","Israel","long","",,"slight delay"
"summer","August","Saturday","Ryanair","Cyprus","Israel","short","",,"on time"
"summer","August","Saturday","Iberia","Spain","Israel","long","",,"on time"
"summer","August","Saturday","flydubai","United Arab Emirates","Israel","mid","",,"on time"
"summer","August","Saturday","Pegasus","Turkey","Israel","short","",,"slight delay"
"summer","August","Sunday","Aegean Airlines","Greece","Israel","short","",,"on time"
"summer","August","Sunday","Turkish Airlines","Turkey","Israel","short","",,"slight delay"
"summer","August","Sunday","Bulgaria Air","Bulgaria","Israel","mid","",,"on time"
"summer","August","Sunday","San Marino Executive Aviation","Turkey","Israel","short","",,"heavy delay"
"summer","August","Saturday","Air Baltic","Latvia","Israel","mid","",,"on time"
"summer","August","Sunday","FedEx","France","Israel","mid","",,"slight delay"
"summer","August","Saturday","Wizz Air","Italy","Israel","mid","",,"heavy delay"
"summer","August","Sunday","Royal Jordanian","Jordan","Israel","short","",,"on time"
"summer","August","Sunday","Wizz Air","Bulgaria","Israel","mid","",,"on time"
"summer","August","Sunday","MNG Airlines","Turkey","Israel","short","",,"on time"
"summer","August","Sunday","Wizz Air","Hungary","Israel","mid","",,"on time"
"summer","August","Saturday","Wizz Air","Greece","Israel","short","",,"on time"
"summer","August","Sunday","AnadoluJet","Turkey","Israel","short","",,"heavy delay"
"summer","August","Sunday","easyJet (NEO Livery)","France","Israel","mid","",,"on time"
"summer","August","Sunday","Transavia","Netherlands","Israel","mid","",,"slight delay"
"summer","August","Sunday","flydubai","United Arab Emirates","Israel","mid","",,"on time"
"summer","August","Sunday","Smartwings","Georgia","Israel","short","",,"on time"
"summer","August","Sunday","Smartwings","Greece","Israel","short","",,"slight delay"
"summer","August","Sunday","Pegasus","Turkey","Israel","short","",,"heavy delay"
"summer","August","Sunday","El Al","Hungary","Israel","mid","",,"on time"
"summer","August","Sunday","Lufthansa Cargo","Germany","Israel","mid","",,"on time"
"summer","August","Sunday","Brussels Airlines (Tintin comics Livery)","Belgium","Israel","mid","",,"slight delay"
"summer","August","Sunday","Israir Airlines (Future Peace Partnership Livery)","Czechia","Israel","mid","",,"heavy delay"
"summer","August","Sunday","El Al","United Kingdom","Israel","long","",,"on time"
"summer","August","Sunday","El Al","Spain","Israel","long","",,"on time"
"summer","August","Sunday","Israir Airlines (Future Peace Partnership Livery)","Greece","Israel","short","",,"on time"
"summer","August","Sunday","Delta Air Lines","United States","Israel","long","",,"on time"
"summer","August","Sunday","Corendon Airlines","Greece","Israel","short","",,"on time"
"summer","August","Sunday","Royal Jordanian","Jordan","Israel","short","",,"on time"
"summer","August","Sunday","Aegean Airlines","Greece","Israel","short","",,"slight delay"
"summer","August","Sunday","Wizz Air","Austria","Israel","mid","",,"slight delay"
"summer","August","Sunday","LOT","Poland","Israel","mid","",,"slight delay"
"summer","August","Sunday","El Al","France","Israel","mid","",,"on time"
"summer","August","Sunday","AnadoluJet","Turkey","Israel","short","",,"slight delay"
"summer","August","Sunday","Pegasus","Turkey","Israel","short","",,"slight delay"
"summer","August","Sunday","El Al","United Arab Emirates","Israel","mid","",,"on time"
"summer","August","Saturday","Etihad Airways","United Arab Emirates","Israel","mid","",,"on time"
"summer","August","Saturday","SunExpress (Eintracht Frankfurt Livery)","Turkey","Israel","short","",,"slight delay"
"summer","August","Saturday","ULS Airlines Cargo","Turkey","Israel","short","",,"on time"
"summer","August","Saturday","Pegasus","Turkey","Israel","short","",,"on time"
"summer","August","Saturday","Turkish Airlines","Turkey","Israel","short","",,"on time"
"summer","August","Saturday","United Airlines","United States","Israel","long","",,"on time"
"summer","August","Saturday","Tus Airways","Italy","Israel","mid","",,"on time"
"summer","August","Saturday","Ryanair","Italy","Israel","mid","",,"on time"
"summer","August","Saturday","Ryanair","Belgium","Israel","mid","",,"heavy delay"
"summer","August","Saturday","Lufthansa","Germany","Israel","mid","",,"slight delay"
"summer","August","Saturday","Challenge Airlines","Norway","Israel","long","",,"on time"
"summer","August","Saturday","Air India","India","Israel","long","",,"on time"
"summer","August","Saturday","Wizz Air","Hungary","Israel","mid","",,"heavy delay"
"summer","August","Saturday","Arkia Israeli Airlines","Spain","Israel","mid","",,"heavy delay"
"summer","August","Saturday","Tus Airways","Greece","Israel","short","",,"on time"
"summer","August","Saturday","Tarom","Romania","Israel","mid","",,"on time"
"summer","August","Saturday","Lufthansa","Germany","Israel","mid","",,"slight delay"
"summer","August","Saturday","Smartwings","Cyprus","Israel","short","",,"on time"
"summer","August","Saturday","Charter Jets","France","Israel","mid","",,"heavy delay"
"summer","August","Saturday","","Greece","Israel","short","",,"on time"
"summer","August","Saturday","Brussels Airlines","Belgium","Israel","mid","",,"on time"
"summer","August","Saturday","El Al","Switzerland","Israel","mid","",,"on time"
"summer","August","Sunday","LOT","Poland","Israel","mid","",,"on time"
"summer","August","Sunday","El Al","Spain","Israel","mid","",,"on time"
"summer","August","Sunday","AnadoluJet","Turkey","Israel","short","",,"on time"
"summer","August","Sunday","Wizz Air","Bulgaria","Israel","short","",,"on time"
"summer","August","Sunday","Wizz Air","Romania","Israel","mid","",,"on time"
"summer","August","Sunday","flydubai","United Arab Emirates","Israel","mid","",,"on time"
"summer","August","Sunday","Air Canada","Canada","Israel","long","",,"heavy delay"
"summer","August","Sunday","Wizz Air","Hungary","Israel","mid","",,"on time"
"summer","August","Sunday","Wizz Air","Hungary","Israel","mid","",,"on time"
"summer","August","Sunday","Ryanair","Germany","Israel","mid","",,"slight delay"
"summer","August","Sunday","Ryanair","Hungary","Israel","mid","",,"on time"
"summer","August","Sunday","easyJet","Switzerland","Israel","mid","",,"on time"
"summer","August","Sunday","Transavia","France","Israel","mid","",,"on time"
"summer","August","Sunday","Corendon Airlines","Turkey","Israel","short","",,"slight delay"
"summer","August","Sunday","Aegean Airlines","Greece","Israel","short","",,"heavy delay"
"summer","August","Sunday","Arkia Israeli Airlines","Greece","Israel","short","",,"heavy delay"
"summer","August","Sunday","Wizz Air","Romania","Israel","mid","",,"on time"
"summer","August","Sunday","MNG Airlines","Turkey","Israel","short","",,"slight delay"
"summer","August","Sunday","El Al","Germany","Israel","mid","",,"on time"
"summer","August","Sunday","Lufthansa","Germany","Israel","mid","",,"on time"
"summer","August","Sunday","El Al","Netherlands","Israel","mid","",,"on time"
"summer","August","Sunday","El Al","United States","Israel","long","",,"on time"
"summer","August","Sunday","El Al","Greece","Israel","short","",,"slight delay"
"summer","August","Sunday","AirPink","Italy","Israel","mid","",,"slight delay"
"summer","August","Sunday","","Poland","Israel","mid","",,"heavy delay"
"summer","August","Sunday","Flexjet Operations Malta","Italy","Israel","mid","",,"slight delay"
"summer","August","Sunday","AnadoluJet","Turkey","Israel","short","",,"slight delay"
"summer","August","Sunday","easyJet (NEO Livery)","United Kingdom","Israel","long","",,"on time"
"summer","August","Sunday","El Al","France","Israel","mid","",,"slight delay"
"summer","August","Sunday","Tus Airways","Cyprus","Israel","short","",,"on time"
"summer","August","Sunday","VistaJet","Greece","Israel","short","",,"slight delay"
"summer","August","Sunday","SunExpress","Turkey","Israel","short","",,"slight delay"
"summer","August","Sunday","El Al","United Kingdom","Israel","long","",,"on time"
"summer","August","Saturday","Corendon Airlines","Turkey","Israel","short","",,"on time"
"summer","August","Saturday","Pegasus","Turkey","Israel","short","",,"on time"
"summer","August","Saturday","Air France","France","Israel","mid","",,"slight delay"
"summer","August","Saturday","Tus Airways","Greece","Israel","short","",,"slight delay"
"summer","August","Saturday","Lufthansa","Germany","Israel","mid","",,"slight delay"
"summer","August","Saturday","Swiss","Switzerland","Israel","mid","",,"slight delay"
"summer","August","Saturday","easyJet","Germany","Israel","mid","",,"slight delay"
"summer","August","Saturday","easyJet","France","Israel","mid","",,"on time"
"summer","August","Saturday","Lauda Europe","Austria","Israel","mid","",,"slight delay"
"summer","August","Saturday","Turkish Airlines","Turkey","Israel","short","",,"slight delay"
"summer","August","Saturday","Ryanair","Italy","Israel","mid","",,"slight delay"
"summer","August","Saturday","Ryanair","Malta","Israel","mid","",,"slight delay"
"summer","August","Saturday","El Al","Thailand","Israel","long","",,"on time"
"summer","August","Saturday","AnadoluJet","Turkey","Israel","short","",,"on time"
"summer","August","Saturday","Wizz Air","Italy","Israel","mid","",,"heavy delay"
"summer","August","Saturday","El Al","Cyprus","Israel","short","",,"on time"
"summer","August","Saturday","Israir Airlines (Future Peace Partnership Livery)","Georgia","Israel","short","",,"on time"
"summer","August","Saturday","Lufthansa","Germany","Israel","mid","",,"slight delay"
"summer","August","Sunday","Pegasus","Turkey","Israel","short","",,"slight delay"
"summer","August","Sunday","Cyprus Airways","Cyprus","Israel","short","",,"on time"
"summer","August","Sunday","El Al","Italy","Israel","mid","",,"on time"
"summer","August","Sunday","Turkish Airlines","Turkey","Israel","short","",,"on time"
"summer","August","Sunday","ITA Airways","Italy","Israel","mid","",,"on time"
"summer","August","Sunday","Smartwings","Czechia","Israel","mid","",,"on time"
"summer","August","Sunday","El Al","United Kingdom","Israel","long","",,"on time"
"summer","August","Saturday","Cathay Pacific","Hong Kong","Israel","long","",,"on time"
"summer","August","Sunday","Georgian Airways","Georgia","Israel","short","",,"on time"
"summer","August","Sunday","Aegean Airlines","Greece","Israel","short","",,"on time"
"summer","August","Sunday","Aegean Airlines","Greece","Israel","short","",,"on time"
"summer","August","Sunday","Pegasus","Turkey","Israel","short","",,"on time"
"summer","August","Sunday","LOT","Poland","Israel","mid","",,"on time"
"summer","August","Sunday","SunExpress","Turkey","Israel","short","",,"slight delay"
"summer","August","Sunday","El Al","Cyprus","Israel","short","",,"on time"
"summer","August","Sunday","easyJet","Germany","Israel","mid","",,"on time"
"summer","August","Sunday","Pegasus","Turkey","Israel","short","",,"on time"
"summer","August","Sunday","Corendon Airlines","Turkey","Israel","short","",,"on time"
"summer","August","Sunday","Ryanair","Cyprus","Israel","short","",,"on time"
"summer","August","Sunday","Air Europa","Spain","Israel","long","",,"on time"
"summer","August","Sunday","Air France","France","Israel","mid","",,"on time"
"summer","August","Sunday","Israir Airlines","Montenegro","Israel","mid","",,"slight delay"
"summer","August","Sunday","Turkish Airlines","Turkey","Israel","short","",,"slight delay"
"summer","August","Sunday","United Airlines","United States","Israel","long","",,"on time"
"summer","August","Sunday","El Al","Italy","Israel","mid","",,"on time"
"summer","August","Sunday","United Airlines","United States","Israel","long","",,"on time"
"summer","August","Sunday","Arkia Israeli Airlines","Cyprus","Israel","short","",,"slight delay"
"summer","August","Sunday","Austrian Airlines","Austria","Israel","mid","",,"on time"
"summer","August","Sunday","Ryanair","Italy","Israel","mid","",,"on time"
"summer","August","Sunday","Smartwings","Greece","Israel","short","",,"heavy delay"
"summer","August","Sunday","Tus Airways","Cyprus","Israel","short","",,"heavy delay"
"summer","August","Sunday","Smartwings","Georgia","Israel","short","",,"slight delay"
"summer","August","Sunday","Wizz Air","Italy","Israel","mid","",,"slight delay"
"summer","August","Sunday","Turkish Airlines","Turkey","Israel","short","",,"on time"
"summer","August","Sunday","Azerbaijan Airlines","Azerbaijan","Israel","mid","",,"on time"
"summer","August","Sunday","El Al (Retro Livery)","United States","Israel","long","",,"on time"
"summer","August","Saturday","flydubai","United Arab Emirates","Israel","mid","",,"slight delay"
"summer","August","Saturday","Turkish Airlines","Turkey","Israel","short","",,"slight delay"
"summer","August","Saturday","Turkish Airlines","Turkey","Israel","short","",,"on time"
"summer","August","Saturday","Emirates","United Arab Emirates","Israel","mid","",,"on time"
"summer","August","Saturday","Transavia","France","Israel","mid","",,"on time"
"summer","August","Saturday","Wizz Air","United Arab Emirates","Israel","mid","",,"on time"
"summer","August","Saturday","easyJet (NEO Livery)","United Kingdom","Israel","long","",,"slight delay"
"summer","August","Saturday","easyJet","United Kingdom","Israel","long","",,"slight delay"
"summer","August","Saturday","easyJet","France","Israel","mid","",,"on time"
"summer","August","Saturday","Wizz Air","Poland","Israel","mid","",,"slight delay"
"summer","August","Saturday","United Airlines (Star Alliance livery)","United States","Israel","long","",,"on time"
"summer","August","Saturday","Wizz Air","Bulgaria","Israel","short","",,"slight delay"
"summer","August","Saturday","Ryanair","Greece","Israel","short","",,"on time"
"summer","August","Saturday","Smartwings","Cyprus","Israel","short","",,"slight delay"
"summer","August","Sunday","Aegean Airlines","Greece","Israel","short","",,"on time"
"summer","August","Saturday","Pegasus","Turkey","Israel","short","",,"on time"
"summer","August","Saturday","Turkish Airlines","Turkey","Israel","short","",,"slight delay"
"summer","August","Saturday","British Airways","United Kingdom","Israel","long","",,"on time"
"summer","August","Saturday","Austrian Airlines","Austria","Israel","mid","",,"heavy delay"
"summer","August","Sunday","Aegean Airlines","Greece","Israel","short","",,"on time"
"summer","August","Saturday","KLM","Netherlands","Israel","mid","",,"on time"
"summer","August","Sunday","Corendon Airlines (Antalyaspor Livery)","Turkey","Israel","short","",,"on time"
"summer","August","Sunday","El Al","Italy","Israel","mid","",,"on time"
"summer","August","Sunday","Pegasus","Turkey","Israel","short","",,"on time"
"summer","August","Sunday","Virgin Atlantic","United Kingdom","Israel","long","",,"on time"
"summer","August","Sunday","Tus Airways","Cyprus","Israel","short","",,"on time"
"summer","August","Sunday","Uzbekistan Airways","Uzbekistan","Israel","mid","",,"on time"
"summer","August","Sunday","Turkish Airlines","Turkey","Israel","short","",,"on time"
"summer","August","Sunday","Red Wings","Russia","Israel","mid","",,"on time"
"summer","August","Sunday","United Airlines","United States","Israel","long","",,"on time"
"summer","August","Sunday","Wizz Air","Greece","Israel","short","",,"slight delay"
"summer","August","Sunday","Azerbaijan Airlines","Azerbaijan","Israel","mid","",,"on time"
"summer","August","Sunday","Norwegian","Denmark","Israel","mid","",,"on time"
"summer","August","Sunday","El Al","Greece","Israel","short","",,"on time"
"summer","August","Sunday","SmartWings","Georgia","Israel","short","",,"slight delay"
"summer","August","Sunday","Norwegian","Sweden","Israel","mid","",,"slight delay"
"summer","August","Sunday","Turkish Airlines","Turkey","Israel","short","",,"on time"
"summer","August","Sunday","British Airways","United Kingdom","Israel","long","",,"on time"
"summer","August","Sunday","El Al","Egypt","Israel","short","",,"slight delay"
"summer","August","Sunday","El Al","France","Israel","mid","",,"on time"
"summer","August","Sunday","Pegasus","Turkey","Israel","short","",,"on time"
"summer","August","Sunday","Lufthansa","Germany","Israel","mid","",,"on time"
"summer","August","Sunday","El Al","Switzerland","Israel","mid","",,"slight delay"
"summer","August","Sunday","Ryanair","Greece","Israel","short","",,"heavy delay"
"summer","August","Sunday","El Al","United States","Israel","long","",,"on time"
"summer","August","Sunday","SmartWings","Greece","Israel","short","",,"slight delay"
"summer","August","Sunday","San Marino Executive Aviation","Belgium","Israel","mid","",,"heavy delay"
"summer","August","Sunday","Bluebird Airways","Greece","Israel","short","",,"slight delay"
"summer","August","Sunday","El Al","Cyprus","Israel","short","",,"on time"
"summer","August","Saturday","AnadoluJet","Turkey","Israel","short","",,"slight delay"
"summer","August","Sunday","easyJet","United Kingdom","Israel","long","",,"on time"
"summer","August","Sunday","Air India (Mahatma Gandhi Livery)","India","Israel","long","",,"on time"
"summer","August","Sunday","Wizz Air","Lithuania","Israel","mid","",,"slight delay"
"summer","August","Sunday","El Al","Cyprus","Israel","short","",,"slight delay"
"summer","August","Sunday","Amerijet International","Belgium","Israel","mid","",,"on time"
"summer","August","Saturday","Ryanair","Germany","Israel","mid","",,"slight delay"
"summer","August","Saturday","Wizz Air","Cyprus","Israel","short","",,"on time"
"summer","August","Saturday","ITA Airways","Italy","Israel","mid","",,"on time"
"summer","August","Saturday","British Airways","United Kingdom","Israel","long","",,"on time"
"summer","August","Saturday","Lufthansa","Germany","Israel","mid","",,"slight delay"
"summer","August","Saturday","Delta Air Lines","United States","Israel","long","",,"on time"
"summer","August","Saturday","United Airlines","United States","Israel","long","",,"on time"
"summer","August","Saturday","American Airlines","United States","Israel","long","",,"on time"
"summer","August","Saturday","American Airlines","United States","Israel","long","",,"heavy delay"
"summer","August","Saturday","Aegean Airlines","Greece","Israel","short","",,"slight delay"
"summer","August","Saturday","Israir Airlines","Greece","Israel","short","",,"slight delay"
"summer","August","Saturday","Ryanair","Italy","Israel","mid","",,"on time"
"summer","August","Saturday","Georgian Airways","Georgia","Israel","short","",,"on time"
"summer","August","Saturday","Wizz Air","United Kingdom","Israel","long","",,"heavy delay"
"summer","August","Saturday","Smartwings","Slovenia","Israel","mid","",,"heavy delay"
"summer","August","Saturday","Israir Airlines (Future Peace Partnership Livery)","Israel","Israel","short","",,"slight delay"
"summer","August","Saturday","flydubai","United Arab Emirates","Israel","mid","",,"slight delay"
"summer","August","Sunday","Royal Jordanian","Jordan","Israel","short","",,"slight delay"
"summer","August","Saturday","Transavia","France","Israel","mid","",,"heavy delay"
"summer","August","Sunday","El Al","Greece","Israel","short","",,"on time"
"summer","August","Sunday","SmartWings","Egypt","Israel","short","",,"on time"
"summer","August","Sunday","Corendon Airlines","Turkey","Israel","short","",,"slight delay"
"summer","August","Saturday","Swiss","Switzerland","Israel","mid","",,"on time"
"summer","August","Sunday","Ethiopian Airlines","Ethiopia","Israel","mid","",,"on time"
"summer","August","Sunday","Trade Air","Montenegro","Israel","mid","",,"on time"
"summer","August","Saturday","El Al","Thailand","Israel","long","",,"on time"
"summer","August","Saturday","El Al","South Africa","Israel","long","",,"on time"
"summer","August","Sunday","Wizz Air","Italy","Israel","mid","",,"slight delay"
"summer","August","Sunday","Israir Airlines (Israel-UAE Agreement Livery)","Israel","Israel","short","",,"on time"
"summer","August","Sunday","Vueling","Spain","Israel","mid","",,"slight delay"
"summer","August","Sunday","AnadoluJet","Turkey","Israel","short","",,"heavy delay"
"summer","August","Sunday","","Denmark","Israel","mid","",,"on time"
"summer","August","Sunday","Smartwings","Georgia","Israel","short","",,"slight delay"
"summer","August","Sunday","Bluebird Airways","Greece","Israel","short","",,"on time"
"summer","August","Sunday","Etihad Airways","United Arab Emirates","Israel","mid","",,"on time"
"summer","August","Sunday","Israir Airlines (Israel-UAE Agreement Livery)","Israel","Israel","short","",,"slight delay"
"summer","August","Sunday","El Al","Italy","Israel","mid","",,"on time"
"summer","August","Sunday","El Al","Spain","Israel","mid","",,"on time"
"summer","August","Sunday","Swiss","Switzerland","Israel","mid","",,"on time"
"summer","August","Sunday","easyJet","France","Israel","mid","",,"on time"
"summer","August","Sunday","ITA Airways","Italy","Israel","mid","",,"on time"
"summer","August","Sunday","United Airlines (Star Alliance livery)","United States","Israel","long","",,"on time"
"summer","August","Sunday","Wizz Air","United Arab Emirates","Israel","mid","",,"slight delay"
"summer","August","Sunday","Emirates","United Arab Emirates","Israel","mid","",,"on time"
"summer","August","Sunday","","Italy","Israel","mid","",,"slight delay"
"summer","August","Sunday","El Al","Germany","Israel","mid","",,"on time"
"summer","August","Sunday","Lufthansa","Germany","Israel","mid","",,"on time"
"summer","August","Sunday","American Airlines","United States","Israel","long","",,"on time"
"summer","August","Sunday","Austrian Airlines","Austria","Israel","mid","",,"slight delay"
"summer","August","Sunday","El Al","France","Israel","mid","",,"slight delay"
"summer","August","Saturday","Tus Airways","Cyprus","Israel","short","",,"slight delay"
"summer","August","Sunday","Turkish Airlines","Turkey","Israel","short","",,"on time"
"summer","August","Sunday","El Al","Russia","Israel","mid","",,"on time"
"summer","August","Sunday","Wizz Air","United Kingdom","Israel","long","",,"slight delay"
"summer","August","Sunday","HiSky","Moldova","Israel","mid","",,"slight delay"
"summer","August","Sunday","El Al","Romania","Israel","mid","",,"on time"
"summer","August","Sunday","Smartwings","Greece","Israel","mid","",,"heavy delay"
"summer","August","Tuesday","El Al","Cyprus","Israel","short","Partly cloudy",,"on time"
"summer","August","Tuesday","Israir Airlines (Israel-UAE Agreement Livery)","Greece","Israel","short","Moderate or heavy rain with thunder",,"heavy delay"
"summer","August","Tuesday","Ryanair","Cyprus","Israel","short","Partly cloudy",,"slight delay"
"summer","August","Tuesday","","Italy","Israel","mid","Clear",,"on time"
"summer","August","Tuesday","flydubai","United Arab Emirates","Israel","mid","Sunny",,"on time"
"summer","August","Tuesday","Arkia Israeli Airlines","Spain","Israel","mid","Clear",,"slight delay"
"summer","August","Wednesday","SmartWings","Serbia","Israel","mid","Fog",,"heavy delay"
"summer","August","Tuesday","El Al","Russia","Israel","mid","Sunny",,"on time"
"summer","August","Tuesday","Wizz Air","United Kingdom","Israel","long","Patchy light rain with thunder",,"slight delay"
"summer","August","Tuesday","El Al","Germany","Israel","mid","Sunny",,"heavy delay"
"summer","August","Tuesday","El Al","France","Israel","mid","Mist",,"on time"
"summer","August","Tuesday","El Al","Spain","Israel","mid","Clear",,"on time"
"summer","August","Tuesday","Air Baltic","Latvia","Israel","mid","Partly cloudy",,"slight delay"
"summer","August","Wednesday","Smartwings","Czechia","Israel","mid","Fog",,"heavy delay"
"summer","August","Tuesday","El Al","Thailand","Israel","long","Light rain",,"on time"
"summer","August","Wednesday","Vueling","Spain","Israel","mid","Clear",,"on time"
"summer","August","Wednesday","Red Wings","Russia","Israel","mid","Sunny",,"on time"
"summer","August","Wednesday","Wizz Air","Romania","Israel","mid","Sunny",,"slight delay"
"summer","August","Wednesday","El Al","United States","Israel","long","Clear",,"on time"
"summer","August","Wednesday","DHL","Germany","Israel","mid","Mist",,"slight delay"
"summer","August","Tuesday","Brussels Airlines (Tintin comics Livery)","Belgium","Israel","mid","Clear",,"on time"
"summer","August","Wednesday","Wizz Air","Italy","Israel","mid","Sunny",,"slight delay"
"summer","August","Wednesday","LOT","Poland","Israel","mid","Fog",,"slight delay"
"summer","August","Wednesday","Israir Airlines (Future Peace Partnership Livery)","Georgia","Israel","short","Sunny",,"slight delay"
"summer","August","Wednesday","Transavia","France","Israel","mid","Clear",,"on time"
"summer","August","Wednesday","Turkish Airlines","Turkey","Israel","short","Partly cloudy",,"slight delay"
"summer","August","Wednesday","El Al","Italy","Israel","mid","Sunny",,"on time"
"summer","August","Wednesday","Pegasus","Turkey","Israel","short","Partly cloudy",,"on time"
"summer","August","Wednesday","MNG Airlines","Turkey","Israel","short","Partly cloudy",,"on time"
"summer","August","Wednesday","El Al","Switzerland","Israel","mid","Clear",,"slight delay"
"summer","August","Wednesday","Wizz Air","Austria","Israel","mid","Light rain",,"slight delay"
"summer","August","Wednesday","El Al","Czechia","Israel","mid","Fog",,"slight delay"
"summer","August","Wednesday","Cyprus Airways","Cyprus","Israel","short","Partly cloudy",,"on time"
"summer","August","Wednesday","El Al","United States","Israel","long","Clear",,"on time"
"summer","August","Wednesday","AnadoluJet","Turkey","Israel","short","Partly cloudy",,"on time"
"summer","August","Wednesday","easyJet","France","Israel","mid","Clear",,"on time"
"summer","August","Wednesday","Transavia","France","Israel","mid","Clear",,"on time"
"summer","August","Wednesday","UPS","Cyprus","Israel","short","Partly cloudy",,"on time"
"summer","August","Wednesday","Tus Airways","Cyprus","Israel","short","Partly cloudy",,"on time"
"summer","August","Wednesday","easyJet","Italy","Israel","mid","Sunny",,"on time"
"summer","August","Wednesday","El Al","United Kingdom","Israel","long","Patchy light rain with thunder",,"on time"
"summer","August","Wednesday","LOT","Poland","Israel","mid","Sunny",,"heavy delay"
"summer","August","Wednesday","Tarom","Romania","Israel","mid","Sunny",,"on time"
"summer","August","Wednesday","flydubai","United Arab Emirates","Israel","mid","Sunny",,"on time"
"summer","August","Wednesday","El Al","Russia","Israel","mid","Sunny",,"on time"
"summer","August","Wednesday","flydubai","United Arab Emirates","Israel","mid","Sunny",,"on time"
"summer","August","Wednesday","Air France","France","Israel","mid","Clear",,"on time"
"summer","August","Wednesday","El Al","Austria","Israel","mid","Light rain",,"slight delay"
"summer","August","Wednesday","Israir Airlines (Future Peace Partnership Livery)","Morocco","Israel","long","Clear",,"slight delay"
"summer","August","Thursday","Swiss","Switzerland","Israel","mid","Fog",,"slight delay"
"summer","August","Wednesday","Ryanair","Germany","Israel","mid","Clear",,"on time"
"summer","August","Wednesday","Ryanair","Italy","Israel","mid","Sunny",,"slight delay"
"summer","August","Thursday","FedEx","Germany","Israel","mid","Sunny",,"on time"
"summer","August","Tuesday","Georgian Airways","Georgia","Israel","short","Sunny",,"slight delay"
"summer","August","Wednesday","El Al","United States","Israel","long","Partly cloudy",,"on time"
"summer","August","Tuesday","El Al (Retro Livery)","France","Israel","mid","Clear",,"slight delay"
"summer","August","Tuesday","Aegean Airlines","Greece","Israel","short","Moderate or heavy rain with thunder",,"on time"
"summer","August","Tuesday","Lufthansa","Germany","Israel","mid","Sunny",,"slight delay"
"summer","August","Wednesday","Arkia Israeli Airlines","Romania","Israel","mid","Sunny",,"heavy delay"
"summer","August","Tuesday","AnadoluJet","Turkey","Israel","short","Partly cloudy",,"on time"
"summer","August","Tuesday","Iberia","Spain","Israel","long","Clear",,"on time"
"summer","August","Tuesday","El Al","Russia","Israel","mid","Sunny",,"on time"
"summer","August","Tuesday","Smartwings","Iceland","Israel","long","Clear",,"heavy delay"
"summer","August","Tuesday","flydubai","United Arab Emirates","Israel","mid","Sunny",,"on time"
"summer","August","Wednesday","Turkish Airlines","Turkey","Israel","short","Partly cloudy",,"on time"
"summer","August","Tuesday","El Al","Germany","Israel","mid","Sunny",,"on time"
"summer","August","Tuesday","KLM","Netherlands","Israel","mid","Clear",,"on time"
"summer","August","Wednesday","Virgin Atlantic","United Kingdom","Israel","long","Patchy light rain with thunder",,"on time"
"summer","August","Wednesday","El Al","Georgia","Israel","short","Sunny",,"slight delay"
"summer","August","Tuesday","Israir Airlines (Future Peace Partnership Livery)","Tanzania","Israel","long","Partly cloudy",,"slight delay"
"summer","August","Wednesday","Neos","Italy","Israel","mid","Sunny",,"on time"
"summer","August","Wednesday","Pegasus","Turkey","Israel","short","Partly cloudy",,"slight delay"
"summer","August","Wednesday","Turkish Airlines","Turkey","Israel","short","Partly cloudy",,"slight delay"
"summer","August","Tuesday","El Al","United States","Israel","long","Clear",,"on time"
"summer","August","Wednesday","flydubai","United Arab Emirates","Israel","mid","Sunny",,"on time"
"summer","August","Wednesday","El Al","Canada","Israel","long","Clear",,"on time"
"summer","August","Wednesday","FedEx","Austria","Israel","mid","Light rain",,"slight delay"
"summer","August","Wednesday","NetJets Europe","France","Israel","mid","Clear",,"slight delay"
"summer","August","Wednesday","Air France","France","Israel","mid","Clear",,"slight delay"
"summer","August","Wednesday","easyJet","Germany","Israel","mid","Mist",,"slight delay"
"summer","August","Wednesday","Air Canada","Canada","Israel","long","Clear",,"slight delay"
"summer","August","Wednesday","Ryanair","Hungary","Israel","mid","Clear",,"on time"
"summer","August","Wednesday","El Al","France","Israel","mid","Clear",,"slight delay"
"summer","August","Wednesday","El Al","Germany","Israel","mid","Sunny",,"slight delay"
"summer","August","Wednesday","MNG Airlines","Turkey","Israel","short","Light rain",,"on time"
"summer","August","Thursday","ITA Airways","Italy","Israel","mid","Sunny",,"on time"
"summer","August","Wednesday","Ryanair","Greece","Israel","short","Moderate or heavy rain with thunder",,"slight delay"
"summer","August","Wednesday","El Al","Greece","Israel","short","Moderate or heavy rain with thunder",,"heavy delay"
"summer","August","Wednesday","El Al","France","Israel","mid","Clear",,"on time"
"summer","August","Wednesday","El Al","Spain","Israel","long","Clear",,"on time"
"summer","August","Wednesday","El Al","United States","Israel","long","Clear",,"on time"
"summer","August","Wednesday","Bluebird Airways","Greece","Israel","short","Partly cloudy",,"slight delay"
"summer","August","Wednesday","Wizz Air","Poland","Israel","mid","Sunny",,"slight delay"
"summer","August","Wednesday","Delta Air Lines","United States","Israel","long","Clear",,"on time"
"summer","August","Wednesday","TAP Air Portugal","Portugal","Israel","long","Partly cloudy",,"on time"
"summer","August","Thursday","Turkish Airlines","Turkey","Israel","short","Partly cloudy",,"heavy delay"
"summer","August","Wednesday","Lufthansa","Germany","Israel","mid","Sunny",,"heavy delay"
"summer","August","Thursday","Aegean Airlines","Greece","Israel","short","Partly cloudy",,"on time"
"summer","August","Wednesday","El Al","Spain","Israel","long","Clear",,"on time"
"summer","August","Wednesday","Air Seychelles","Seychelles","Israel","long","Patchy rain possible",,"slight delay"
"summer","August","Wednesday","El Al","France","Israel","mid","Clear",,"slight delay"
"summer","August","Wednesday","El Al","Germany","Israel","mid","Sunny",,"slight delay"
"summer","August","Wednesday","Wizz Air","Italy","Israel","mid","Sunny",,"heavy delay"
"summer","August","Wednesday","Blue Air","Romania","Israel","mid","Sunny",,"slight delay"
"summer","August","Wednesday","easyJet (NEO Livery)","United Kingdom","Israel","long","Patchy light rain with thunder",,"slight delay"
"summer","August","Wednesday","Sun d'Or International Airlines","Greece","Israel","short","Partly cloudy",,"heavy delay"
"summer","August","Wednesday","Wizz Air","Hungary","Israel","mid","Sunny",,"on time"
"summer","August","Wednesday","Brussels Airlines (The Smurfs Livery)","Belgium","Israel","mid","Clear",,"slight delay"
"summer","August","Thursday","Corendon Airlines (Eurovision 2020 Livery)","Turkey","Israel","short","Light rain",,"on time"
"summer","August","Thursday","El Al","United Kingdom","Israel","long","Patchy light rain with thunder",,"slight delay"
"summer","August","Thursday","El Al","France","Israel","mid","Clear",,"slight delay"
"summer","August","Wednesday","Ryanair","Italy","Israel","mid","Partly cloudy",,"slight delay"
"summer","August","Tuesday","AnadoluJet","Turkey","Israel","short","Light rain",,"on time"
"summer","August","Thursday","El Al","Morocco","Israel","long","Clear",,"slight delay"
"summer","August","Tuesday","Tus Airways","Cyprus","Israel","short","Partly cloudy",,"slight delay"
"summer","August","Tuesday","El Al (Jerusalem of Gold Livery)","Thailand","Israel","long","Light rain",,"on time"
"summer","August","Tuesday","Buzz","Poland","Israel","mid","Fog",,"slight delay"
"summer","August","Tuesday","El Al","Bulgaria","Israel","mid","Partly cloudy",,"on time"
"summer","August","Wednesday","Trade Air","Montenegro","Israel","mid","Sunny",,"slight delay"
"summer","August","Wednesday","Corendon Airlines (Eurovision 2020 Livery)","Turkey","Israel","short","Light rain",,"on time"
"summer","August","Tuesday","El Al","United States","Israel","long","Partly cloudy",,"on time"
"summer","August","Wednesday","Air Europa","Spain","Israel","long","Clear",,"on time"
"summer","August","Wednesday","Corendon Airlines","Turkey","Israel","short","Light rain",,"heavy delay"
"summer","August","Tuesday","Austrian Airlines","Austria","Israel","mid","Partly cloudy",,"on time"
"summer","August","Tuesday","El Al","Italy","Israel","mid","Sunny",,"on time"
"summer","August","Wednesday","Aegean Airlines","Greece","Israel","short","Partly cloudy",,"on time"
"summer","August","Tuesday","Tus Airways","France","Israel","mid","Overcast",,"heavy delay"
"summer","August","Tuesday","Lufthansa","Germany","Israel","mid","Sunny",,"slight delay"
"summer","August","Tuesday","Uzbekistan Airways","Uzbekistan","Israel","mid","Sunny",,"slight delay"
"summer","August","Wednesday","El Al","Portugal","Israel","long","Partly cloudy",,"slight delay"
"summer","August","Wednesday","DHL","Belgium","Israel","mid","Clear",,"on time"
"summer","August","Wednesday","United Airlines","United States","Israel","long","Partly cloudy",,"on time"
"summer","August","Wednesday","El Al","Serbia","Israel","mid","Mist",,"on time"
"summer","August","Wednesday","Austrian Airlines","Austria","Israel","mid","Light rain",,"heavy delay"
"summer","August","Wednesday","Transavia","Netherlands","Israel","mid","Clear",,"slight delay"
"summer","August","Tuesday","El Al","United States","Israel","long","Clear",,"on time"
"summer","August","Wednesday","SunExpress","Turkey","Israel","short","Sunny",,"on time"
"summer","August","Wednesday","AnadoluJet","Turkey","Israel","short","Light rain",,"heavy delay"
"summer","August","Wednesday","Air Hamburg","Italy","Israel","mid","Clear",,"on time"
"summer","August","Wednesday","El Al","Greece","Israel","short","Partly cloudy",,"on time"
"summer","August","Wednesday","Ryanair","Italy","Israel","mid","Clear",,"slight delay"
"summer","August","Wednesday","United Airlines","United States","Israel","long","Clear",,"slight delay"
"summer","August","Wednesday","El Al","France","Israel","mid","Mist",,"slight delay"
"summer","August","Wednesday","Wizz Air","Bulgaria","Israel","short","Sunny",,"on time"
"summer","August","Wednesday","Swiss","Switzerland","Israel","mid","Fog",,"on time"
"summer","August","Wednesday","Israir Airlines (Future Peace Partnership Livery)","Montenegro","Israel","mid","Sunny",,"slight delay"
"summer","August","Wednesday","El Al","United States","Israel","long","Clear",,"heavy delay"
"summer","August","Wednesday","El Al","Spain","Israel","mid","Clear",,"on time"
"summer","August","Wednesday","NetJets Europe","Italy","Israel","mid","Sunny",,"on time"
"summer","August","Wednesday","El Al","Netherlands","Israel","mid","Clear",,"slight delay"
"summer","August","Wednesday","El Al","Switzerland","Israel","mid","Fog",,"on time"
"summer","August","Wednesday","Smartwings","Czechia","Israel","mid","Fog",,"heavy delay"
"summer","August","Wednesday","Lufthansa","Germany","Israel","mid","Sunny",,"slight delay"
"summer","August","Wednesday","Air India (Mahatma Gandhi Livery)","India","Israel","long","Mist",,"on time"
"summer","August","Wednesday","United Airlines","United States","Israel","long","Partly cloudy",,"on time"
"summer","August","Wednesday","AnadoluJet","Turkey","Israel","short","Partly cloudy",,"on time"
"summer","August","Wednesday","AnadoluJet","Turkey","Israel","short","Light rain",,"heavy delay"
"summer","August","Wednesday","Smartwings","Greece","Israel","short","Partly cloudy",,"slight delay"
"summer","August","Wednesday","Tus Airways","Greece","Israel","short","Moderate or heavy rain shower",,"slight delay"
"summer","August","Wednesday","SmartWings","Italy","Israel","mid","Sunny",,"slight delay"
"summer","August","Thursday","Turkish Airlines","Turkey","Israel","short","Partly cloudy",,"heavy delay"
"summer","August","Thursday","Pegasus","Turkey","Israel","short","Light rain",,"on time"
"summer","August","Wednesday","El Al","Romania","Israel","mid","Sunny",,"slight delay"
"summer","August","Wednesday","Lufthansa Cargo","Germany","Israel","mid","Sunny",,"on time"
"summer","August","Wednesday","El Al","Czechia","Israel","mid","Fog",,"on time"
"summer","August","Thursday","Smartwings","Czechia","Israel","mid","Fog",,"on time"
"summer","August","Wednesday","Tus Airways","Italy","Israel","mid","Sunny",,"slight delay"
"summer","August","Wednesday","Neos","Portugal","Israel","long","Partly cloudy",,"on time"
"summer","August","Thursday","El Al","Italy","Israel","mid","Sunny",,"on time"
"summer","August","Thursday","Neos","Italy","Israel","mid","Sunny",,"on time"
"summer","August","Thursday","Wizz Air","Cyprus","Israel","short","Partly cloudy",,"slight delay"
"summer","August","Tuesday","El Al","Czechia","Israel","mid","Fog",,"on time"
"summer","August","Wednesday","El Al","Italy","Israel","mid","Clear",,"slight delay"
"summer","August","Wednesday","El Al","South Africa","Israel","long","Clear",,"slight delay"
"summer","August","Wednesday","El Al","United Kingdom","Israel","long","Patchy light rain with thunder",,"on time"
"summer","August","Tuesday","Wizz Air","Hungary","Israel","mid","Clear",,"slight delay"
"summer","August","Tuesday","Wizz Air","Bulgaria","Israel","short","Sunny",,"on time"
"summer","August","Tuesday","Wizz Air","Romania","Israel","mid","Sunny",,"on time"
"summer","August","Wednesday","Ryanair","Bulgaria","Israel","mid","Partly cloudy",,"slight delay"
"summer","August","Wednesday","El Al","France","Israel","mid","Clear",,"heavy delay"
"summer","August","Tuesday","Smartwings","Croatia","Israel","mid","Partly cloudy",,"heavy delay"
"summer","August","Wednesday","Royal Air Maroc","Morocco","Israel","long","Overcast",,"on time"
"summer","August","Wednesday","Tus Airways","Cyprus","Israel","short","Partly cloudy",,"heavy delay"
"summer","August","Tuesday","El Al","United Kingdom","Israel","long","Patchy light rain with thunder",,"on time"
"summer","August","Tuesday","El Al","Italy","Israel","mid","Sunny",,"on time"
"summer","August","Tuesday","British Airways","United Kingdom","Israel","long","Patchy light rain with thunder",,"on time"
"summer","August","Wednesday","Pegasus","Turkey","Israel","short","Light rain",,"on time"
"summer","August","Tuesday","LOT","Poland","Israel","mid","Sunny",,"slight delay"
"summer","August","Wednesday","Swiss","Switzerland","Israel","mid","Fog",,"slight delay"
"summer","August","Wednesday","Pegasus","Turkey","Israel","short","Light rain",,"slight delay"
"summer","August","Wednesday","El Al","Morocco","Israel","long","Clear",,"on time"
"summer","August","Wednesday","Pegasus","Turkey","Israel","short","Partly cloudy",,"on time"
"summer","August","Wednesday","Pegasus","Turkey","Israel","short","Partly cloudy",,"on time"
"summer","August","Tuesday","El Al","Romania","Israel","mid","Sunny",,"slight delay"
"summer","August","Wednesday","Ryanair","Cyprus","Israel","short","Partly cloudy",,"on time"
"summer","August","Wednesday","El Al","Greece","Israel","short","Partly cloudy",,"heavy delay"
"summer","August","Wednesday","Ryanair","Italy","Israel","mid","Partly cloudy",,"heavy delay"
"summer","August","Wednesday","American Airlines","United States","Israel","long","Clear",,"slight delay"
"summer","August","Wednesday","ITA Airways","Italy","Israel","mid","Sunny",,"slight delay"
"summer","August","Wednesday","Aegean Airlines","Greece","Israel","short","Partly cloudy",,"slight delay"
"summer","August","Wednesday","British Airways","United Kingdom","Israel","long","Patchy light rain with thunder",,"on time"
"summer","August","Wednesday","Brussels Airlines","Belgium","Israel","mid","Clear",,"slight delay"
"summer","August","Wednesday","Turkish Airlines","Turkey","Israel","short","Partly cloudy",,"slight delay"
"summer","August","Wednesday","flydubai","United Arab Emirates","Israel","mid","Sunny",,"on time"
"summer","August","Wednesday","JetStream","Hungary","Israel","mid","Clear",,"slight delay"
"summer","August","Wednesday","Ryanair","Italy","Israel","mid","Sunny",,"on time"
"summer","August","Wednesday","El Al","United Kingdom","Israel","long","Patchy light rain with thunder",,"slight delay"
"summer","August","Wednesday","Lufthansa","Germany","Israel","mid","Sunny",,"slight delay"
"summer","August","Wednesday","Lauda Europe","Austria","Israel","mid","Light rain",,"slight delay"
"summer","August","Thursday","Air Europa","Spain","Israel","mid","Patchy rain possible",,"on time"
"summer","August","Wednesday","EgyptAir","Egypt","Israel","short","Partly cloudy",,"slight delay"
"summer","August","Wednesday","Ryanair","Greece","Israel","short","Patchy rain possible",,"on time"
"summer","August","Wednesday","Lauda Europe","Austria","Israel","mid","Light rain",,"heavy delay"
"summer","August","Wednesday","Georgian Airways","Georgia","Israel","short","Sunny",,"slight delay"
"summer","August","Wednesday","Bluebird Airways","Greece","Israel","short","Partly cloudy",,"slight delay"
"summer","August","Wednesday","Finnair","Finland","Israel","mid","Partly cloudy",,"on time"
"summer","August","Wednesday","Pegasus","Turkey","Israel","short","Partly cloudy",,"slight delay"
"summer","August","Wednesday","Ryanair","Greece","Israel","short","Partly cloudy",,"heavy delay"
"summer","August","Wednesday","Ryanair","Cyprus","Israel","short","Partly cloudy",,"slight delay"
"summer","August","Wednesday","El Al","Belgium","Israel","mid","Clear",,"slight delay"
"summer","August","Wednesday","Pegasus","Turkey","Israel","short","Partly cloudy",,"on time"
"summer","August","Thursday","Turkish Airlines","Turkey","Israel","short","Partly cloudy",,"heavy delay"
"summer","August","Thursday","Corendon Airlines","Turkey","Israel","short","Light rain",,"heavy delay"
"summer","August","Wednesday","Arkia Israeli Airlines","France","Israel","mid","Clear",,"heavy delay"
"summer","August","Thursday","Aegean Airlines","Greece","Israel","short","Partly cloudy",,"slight delay"
"summer","August","Thursday","Vueling","Spain","Israel","mid","Clear",,"on time"
"summer","August","Thursday","LOT","Poland","Israel","mid","Sunny",,"heavy delay"
"summer","August","Wednesday","El Al","Thailand","Israel","long","Light rain",,"on time"
"summer","August","Thursday","El Al","United Kingdom","Israel","long","Patchy light rain with thunder",,"on time"
"summer","August","Tuesday","Turkish Airlines","Turkey","Israel","short","Partly cloudy",,"heavy delay"
"summer","August","Tuesday","Tus Airways","Italy","Israel","mid","Sunny",,"slight delay"
"summer","August","Wednesday","FedEx","Germany","Israel","mid","Clear",,"on time"
"summer","August","Tuesday","AirACT","Turkey","Israel","short","Partly cloudy",,"on time"
"summer","August","Wednesday","ITA Airways","Italy","Israel","mid","Sunny",,"on time"
"summer","August","Tuesday","Blue Air","Romania","Israel","mid","Sunny",,"slight delay"
"summer","August","Tuesday","Wizz Air","United Kingdom","Israel","long","Patchy light rain with thunder",,"heavy delay"
"summer","August","Wednesday","LOT","Poland","Israel","mid","Sunny",,"slight delay"
"summer","August","Tuesday","Pegasus","Turkey","Israel","short","Partly cloudy",,"on time"
"summer","August","Tuesday","Pegasus","Turkey","Israel","short","Partly cloudy",,"slight delay"
"summer","August","Wednesday","Israir Airlines","Slovenia","Israel","mid","Partly cloudy",,"heavy delay"
"summer","August","Tuesday","Turkish Airlines","Turkey","Israel","short","Partly cloudy",,"slight delay"
"summer","August","Tuesday","El Al","Italy","Israel","mid","Clear",,"heavy delay"
"summer","August","Wednesday","Turkish Airlines","Turkey","Israel","short","Partly cloudy",,"on time"
"summer","August","Wednesday","Neos","Italy","Israel","mid","Sunny",,"on time"
"summer","August","Tuesday","El Al","Netherlands","Israel","mid","Clear",,"on time"
"summer","August","Tuesday","Neos","Portugal","Israel","long","Partly cloudy",,"on time"
"summer","August","Wednesday","Ethiopian Airlines","Ethiopia","Israel","mid","Mist",,"on time"
"summer","August","Wednesday","Smartwings","Czechia","Israel","mid","Fog",,"slight delay"
"summer","August","Wednesday","Etihad Airways (Abu Dhabi Grand Prix Livery)","United Arab Emirates","Israel","mid","Sunny",,"slight delay"
"summer","August","Wednesday","Israir Airlines","Azerbaijan","Israel","mid","Sunny",,"heavy delay"
"summer","August","Wednesday","Israir Airlines (Israel-UAE Agreement Livery)","Georgia","Israel","short","Sunny",,"slight delay"
"summer","August","Wednesday","Wizz Air","Hungary","Israel","mid","Clear",,"on time"
"summer","August","Tuesday","El Al","United States","Israel","long","Partly cloudy",,"on time"
"summer","August","Wednesday","Ryanair","Cyprus","Israel","short","Partly cloudy",,"on time"
"summer","August","Tuesday","Delta Air Lines","United States","Israel","long","Partly cloudy",,"on time"
"summer","August","Wednesday","Wizz Air","Bulgaria","Israel","mid","Partly cloudy",,"on time"
"summer","August","Wednesday","El Al","Cyprus","Israel","short","Partly cloudy",,"slight delay"
"summer","August","Wednesday","Arkia Israeli Airlines","Cyprus","Israel","short","Partly cloudy",,"on time"
"summer","August","Wednesday","Lufthansa","Germany","Israel","mid","Sunny",,"slight delay"
"summer","August","Wednesday","Smartwings","Serbia","Israel","mid","Mist",,"heavy delay"
"summer","August","Wednesday","SmartWings","Georgia","Israel","short","Sunny",,"slight delay"
"summer","August","Wednesday","Smartwings","Greece","Israel","short","Partly cloudy",,"heavy delay"
"summer","August","Wednesday","Transavia","France","Israel","mid","Clear",,"heavy delay"
"summer","August","Wednesday","Wizz Air","Lithuania","Israel","mid","Sunny",,"slight delay"
"summer","August","Wednesday","Israir Airlines (Israel-UAE Agreement Livery)","Czechia","Israel","mid","Fog",,"heavy delay"
"summer","August","Wednesday","LEVEL","Spain","Israel","long","Clear",,"on time"
"summer","August","Wednesday","Tus Airways","Greece","Israel","short","Partly cloudy",,"slight delay"
"summer","August","Wednesday","Royal Jordanian","Jordan","Israel","short","Mist",,"on time"
"summer","August","Thursday","Aegean Airlines (Acropolis Museum Sticker)","Greece","Israel","short","Partly cloudy",,"on time"
"summer","August","Wednesday","Turkish Airlines","Turkey","Israel","short","Partly cloudy",,"on time"
"summer","August","Wednesday","British Airways","United Kingdom","Israel","long","Patchy light rain with thunder",,"on time"
"summer","August","Thursday","El Al","Hungary","Israel","mid","Sunny",,"on time"
"summer","August","Thursday","Ethiopian Airlines","Ethiopia","Israel","mid","Mist",,"on time"
"summer","August","Wednesday","Austrian Airlines","Austria","Israel","mid","Light rain",,"on time"
"summer","August","Wednesday","Wizz Air","United Kingdom","Israel","long","Patchy light rain with thunder",,"slight delay"
"summer","August","Wednesday","El Al","Cyprus","Israel","short","Partly cloudy",,"on time"
"summer","August","Wednesday","El Al","Italy","Israel","mid","Sunny",,"slight delay"
"summer","August","Wednesday","Turkish Airlines","Turkey","Israel","short","Partly cloudy",,"slight delay"
"summer","August","Wednesday","El Al","Italy","Israel","mid","Sunny",,"slight delay"
"summer","August","Wednesday","El Al","Egypt","Israel","short","Sunny",,"heavy delay"
"summer","August","Wednesday","Tus Airways","Italy","Israel","mid","Sunny",,"slight delay"
"summer","August","Wednesday","El Al","Germany","Israel","mid","Mist",,"on time"
"summer","August","Wednesday","Lufthansa","Germany","Israel","mid","Sunny",,"on time"
"summer","August","Wednesday","Emirates","United Arab Emirates","Israel","mid","Sunny",,"on time"
"summer","August","Wednesday","El Al","Netherlands","Israel","mid","Clear",,"on time"
"summer","August","Wednesday","KLM","Netherlands","Israel","mid","Clear",,"on time"
"summer","August","Tuesday","Transavia","France","Israel","mid","Clear",,"on time"
"summer","August","Wednesday","El Al","Hungary","Israel","mid","Sunny",,"on time"
"summer","August","Thursday","Virgin Atlantic","United Kingdom","Israel","long","Patchy light rain with thunder",,"slight delay"
"summer","August","Thursday","El Al","Portugal","Israel","long","Partly cloudy",,"on time"
"summer","August","Tuesday","United Airlines","United States","Israel","long","Partly cloudy",,"on time"
"summer","August","Wednesday","El Al (Retro Livery)","United States","Israel","long","Partly cloudy",,"on time"
"summer","August","Monday","Turkish Airlines","Turkey","Israel","short","Clear",,"slight delay"
"summer","August","Monday","El Al","United Kingdom","Israel","long","Clear",,"on time"
"summer","August","Monday","Air Canada","Canada","Israel","long","Partly cloudy",,"slight delay"
"summer","August","Monday","El Al","France","Israel","mid","Light rain",,"on time"
"summer","August","Monday","LOT","Poland","Israel","mid","Partly cloudy",,"on time"
"summer","August","Monday","Wizz Air","Poland","Israel","mid","Partly cloudy",,"slight delay"
"summer","August","Monday","Smartwings","Greece","Israel","short","Partly cloudy",,"heavy delay"
"summer","August","Monday","Air France","France","Israel","mid","Light rain",,"slight delay"
"summer","August","Monday","MNG Airlines","Turkey","Israel","short","Clear",,"heavy delay"
"summer","August","Monday","Wizz Air","Bulgaria","Israel","short","Clear",,"on time"
"summer","August","Monday","Israir Airlines (Future Peace Partnership Livery)","Montenegro","Israel","mid","Clear",,"on time"
"summer","August","Monday","easyJet","Germany","Israel","mid","Mist",,"on time"
"summer","August","Monday","Air Europa","Spain","Israel","long","Clear",,"on time"
"summer","August","Monday","VistaJet Malta","Greece","Israel","short","Partly cloudy",,"on time"
"summer","August","Monday","El Al","Italy","Israel","mid","Partly cloudy",,"slight delay"
"summer","August","Monday","El Al","Belgium","Israel","mid","Partly cloudy",,"heavy delay"
"summer","August","Monday","El Al","Spain","Israel","mid","Clear",,"on time"
"summer","August","Monday","Transavia","France","Israel","mid","Moderate rain",,"heavy delay"
"summer","August","Monday","Swiss","Switzerland","Israel","mid","Clear",,"slight delay"
"summer","August","Monday","El Al","Cyprus","Israel","short","Clear",,"slight delay"
"summer","August","Monday","Austrian Airlines","Austria","Israel","mid","Clear",,"on time"
"summer","August","Monday","United Airlines","United States","Israel","long","Sunny",,"on time"
"summer","August","Monday","easyJet","United Kingdom","Israel","long","Clear",,"slight delay"
"summer","August","Monday","Ryanair","Germany","Israel","mid","Mist",,"slight delay"
"summer","August","Monday","flydubai","United Arab Emirates","Israel","mid","Sunny",,"on time"
"summer","August","Monday","AnadoluJet","Turkey","Israel","short","Clear",,"slight delay"
"summer","August","Monday","Blue Air","Romania","Israel","mid","Clear",,"heavy delay"
"summer","August","Monday","Georgian Airways","Georgia","Israel","short","Clear",,"on time"
"summer","August","Monday","Pegasus","Turkey","Israel","short","Clear",,"on time"
"summer","August","Monday","flydubai","United Arab Emirates","Israel","mid","Sunny",,"on time"
"summer","August","Monday","flydubai","United Arab Emirates","Israel","mid","Sunny",,"slight delay"
"summer","August","Monday","Israir Airlines (Future Peace Partnership Livery)","Germany","Israel","mid","Mist",,"heavy delay"
"summer","August","Monday","Tus Airways","Greece","Israel","mid","Partly cloudy",,"slight delay"
"summer","August","Monday","El Al","Romania","Israel","mid","Clear",,"on time"
"summer","August","Tuesday","Bulgaria Air","Bulgaria","Israel","mid","Clear",,"on time"
"summer","August","Monday","El Al","Italy","Israel","mid","Clear",,"on time"
"summer","August","Tuesday","El Al","Hungary","Israel","mid","Clear",,"on time"
"summer","August","Tuesday","El Al","Germany","Israel","mid","Mist",,"slight delay"
"summer","August","Monday","El Al","Netherlands","Israel","mid","Clear",,"slight delay"
"summer","August","Tuesday","Virgin Atlantic","United Kingdom","Israel","long","Clear",,"on time"
"summer","August","Tuesday","El Al","France","Israel","mid","Light rain",,"slight delay"
"summer","August","Monday","Wizz Air","United Kingdom","Israel","long","Clear",,"slight delay"
"summer","August","Monday","El Al","Portugal","Israel","long","Partly cloudy",,"on time"
"summer","August","Monday","Ryanair","Hungary","Israel","mid","Clear",,"slight delay"
"summer","August","Sunday","El Al","United States","Israel","long","Partly cloudy",,"on time"
"summer","August","Monday","Uzbekistan Airways","Uzbekistan","Israel","mid","Sunny",,"on time"
"summer","August","Monday","Pegasus","Turkey","Israel","short","Clear",,"slight delay"
"summer","August","Monday","Wizz Air","Italy","Israel","mid","Clear",,"slight delay"
"summer","August","Monday","Wizz Air","Italy","Israel","mid","Clear",,"slight delay"
"summer","August","Monday","Air Canada","Canada","Israel","long","Clear",,"slight delay"
"summer","August","Monday","Transavia","Netherlands","Israel","mid","Clear",,"slight delay"
"summer","August","Monday","Etihad Airways","United Arab Emirates","Israel","mid","Sunny",,"on time"
"summer","August","Monday","Easyjet","Netherlands","Israel","mid","Clear",,"slight delay"
"summer","August","Monday","El Al","United States","Israel","long","Partly cloudy",,"slight delay"
"summer","August","Monday","easyJet (Europcar Livery)","United Kingdom","Israel","long","Clear",,"on time"
"summer","August","Monday","Brussels Airlines","Belgium","Israel","mid","Partly cloudy",,"heavy delay"
"summer","August","Monday","Transavia","France","Israel","mid","Light rain",,"on time"
"summer","August","Monday","FlexJet Operations Malta","Greece","Israel","short","Clear",,"slight delay"
"summer","August","Monday","El Al","France","Israel","mid","Light rain",,"slight delay"
"summer","August","Monday","El Al","Germany","Israel","mid","Clear",,"slight delay"
"summer","August","Monday","American Airlines","United States","Israel","long","Partly cloudy",,"on time"
"summer","August","Monday","El Al","Switzerland","Israel","mid","Clear",,"slight delay"
"summer","August","Monday","American Airlines (Oneworld Livery)","United States","Israel","long","Clear",,"on time"
"summer","August","Monday","easyJet","France","Israel","mid","Light rain",,"on time"
"summer","August","Monday","Aegean Airlines","Greece","Israel","short","Partly cloudy",,"slight delay"
"summer","August","Monday","Smartwings","Greece","Israel","short","Partly cloudy",,"on time"
"summer","August","Monday","KLM (SkyTeam Livery)","Netherlands","Israel","mid","Clear",,"on time"
"summer","August","Monday","Ryanair","Greece","Israel","short","Clear",,"heavy delay"
"summer","August","Monday","Ryanair","Greece","Israel","short","Partly cloudy",,"slight delay"
"summer","August","Monday","El Al","United Kingdom","Israel","long","Clear",,"slight delay"
"summer","August","Monday","Tarom","Romania","Israel","mid","Clear",,"slight delay"
"summer","August","Monday","Turkish Airlines","Turkey","Israel","short","Clear",,"slight delay"
"summer","August","Monday","Royal Jordanian (Alia Retro Livery)","Jordan","Israel","short","Mist",,"on time"
"summer","August","Monday","Lufthansa","Germany","Israel","mid","Clear",,"heavy delay"
"summer","August","Monday","Austrian Airlines","Austria","Israel","mid","Clear",,"on time"
"summer","August","Tuesday","Aegean Airlines","Greece","Israel","short","Partly cloudy",,"heavy delay"
"summer","August","Monday","El Al","Austria","Israel","mid","Clear",,"on time"
"summer","August","Tuesday","Turkish Airlines","Turkey","Israel","short","Clear",,"slight delay"
"summer","August","Monday","Brussels Airlines (Star Alliance Livery)","Belgium","Israel","mid","Partly cloudy",,"on time"
"summer","August","Tuesday","Corendon Airlines","Turkey","Israel","short","Clear",,"on time"
"summer","August","Tuesday","Turkish Airlines","Turkey","Israel","short","Clear",,"slight delay"
"summer","August","Tuesday","LOT","Poland","Israel","mid","Partly cloudy",,"slight delay"
"summer","August","Tuesday","Croatia Airlines","Croatia","Israel","mid","Clear",,"slight delay"
"summer","August","Tuesday","El Al","United Kingdom","Israel","long","Clear",,"on time"
"summer","August","Sunday","El Al","United States","Israel","long","Clear",,"on time"
"summer","August","Monday","Tus Airways","Cyprus","Israel","short","Clear",,"on time"
"summer","August","Monday","Royal Air Maroc","Morocco","Israel","long","Clear",,"on time"
"summer","August","Monday","Ryanair","Hungary","Israel","mid","Clear",,"on time"
"summer","August","Monday","El Al","Switzerland","Israel","mid","Clear",,"on time"
"summer","August","Monday","Wizz Air","Hungary","Israel","mid","Clear",,"slight delay"
"summer","August","Monday","United Airlines","United States","Israel","long","Clear",,"on time"
"summer","August","Monday","easyJet","Switzerland","Israel","mid","Clear",,"on time"
"summer","August","Monday","Delta Air Lines","United States","Israel","long","Partly cloudy",,"slight delay"
"summer","August","Monday","Ryanair","Cyprus","Israel","short","Clear",,"on time"
"summer","August","Monday","El Al","Greece","Israel","short","Partly cloudy",,"on time"
"summer","August","Monday","Smartwings","Italy","Israel","mid","Clear",,"heavy delay"
"summer","August","Monday","Turkish Airlines","Turkey","Israel","short","Clear",,"slight delay"
"summer","August","Monday","AnadoluJet","Turkey","Israel","short","Clear",,"on time"
"summer","August","Monday","","Switzerland","Israel","mid","Clear",,"slight delay"
"summer","August","Sunday","El Al","United States","Israel","long","Sunny",,"slight delay"
"summer","August","Monday","Israir Airlines (Future Peace Partnership Livery)","Georgia","Israel","short","Clear",,"slight delay"
"summer","August","Monday","El Al","United States","Israel","long","Partly cloudy",,"slight delay"
"summer","August","Monday","Tus Airways","Italy","Israel","mid","Clear",,"on time"
"summer","August","Monday","Israir Airlines","Greece","Israel","short","Partly cloudy",,"slight delay"
"summer","August","Monday","flydubai","United Arab Emirates","Israel","mid","Sunny",,"on time"
"summer","August","Monday","Turkish Airlines","Turkey","Israel","short","Clear",,"slight delay"
"summer","August","Monday","Smartwings","Spain","Israel","long","Clear",,"heavy delay"
"summer","August","Monday","TAP Air Portugal","Portugal","Israel","long","Partly cloudy",,"on time"
"summer","August","Monday","Smartwings","Cyprus","Israel","short","Clear",,"on time"
"summer","August","Monday","El Al","Greece","Israel","short","Partly cloudy",,"slight delay"
"summer","August","Monday","Bluebird Airways","Greece","Israel","short","Partly cloudy",,"slight delay"
"summer","August","Monday","AnadoluJet","Turkey","Israel","short","Clear",,"slight delay"
"summer","August","Monday","El Al","United States","Israel","long","Partly cloudy",,"on time"
"summer","August","Monday","El Al","Russia","Israel","mid","Clear",,"on time"
"summer","August","Monday","AnadoluJet","Turkey","Israel","short","Clear",,"slight delay"
"summer","August","Monday","Israir Airlines (Israel-UAE Agreement Livery)","Greece","Israel","short","Partly cloudy",,"on time"
"summer","August","Monday","Transavia","France","Israel","mid","Light rain",,"slight delay"
"summer","August","Monday","British Airways","United Kingdom","Israel","long","Clear",,"on time"
"summer","August","Monday","Neos","Italy","Israel","mid","Clear",,"on time"
"summer","August","Monday","Arkia Israeli Airlines","Netherlands","Israel","mid","Clear",,"slight delay"
"summer","August","Tuesday","Pegasus","Turkey","Israel","short","Clear",,"heavy delay"
"summer","August","Tuesday","El Al","Greece","Israel","short","Clear",,"on time"
"summer","August","Monday","Sun d'Or International Airlines","Poland","Israel","mid","Partly cloudy",,"slight delay"
"summer","August","Monday","El Al","Czechia","Israel","mid","Clear",,"on time"
"summer","August","Tuesday","Neos","Italy","Israel","mid","Moderate or heavy rain with thunder",,"on time"
"summer","August","Tuesday","Swiss","Switzerland","Israel","mid","Clear",,"on time"
"summer","August","Monday","El Al","Netherlands","Israel","mid","Clear",,"slight delay"
"summer","August","Monday","El Al","United States","Israel","long","Partly cloudy",,"slight delay"
"summer","August","Monday","ITA Airways","Italy","Israel","mid","Clear",,"on time"
"summer","August","Monday","Arkia Israeli Airlines","France","Israel","mid","Light rain",,"heavy delay"
"summer","August","Sunday","El Al","Canada","Israel","long","Partly cloudy",,"on time"
"summer","August","Monday","Wizz Air","Romania","Israel","mid","Clear",,"slight delay"
"summer","August","Sunday","Delta Air Lines","United States","Israel","long","Partly cloudy",,"on time"
"summer","August","Monday","San Marino Executive Aviation","Belgium","Israel","mid","Clear",,"slight delay"
"summer","August","Monday","Pegasus","Turkey","Israel","short","Clear",,"on time"
"summer","August","Monday","Lauda Europe","Austria","Israel","mid","Clear",,"slight delay"
"summer","August","Monday","El Al","Cyprus","Israel","short","Clear",,"on time"
"summer","August","Monday","Ryanair","Germany","Israel","mid","Clear",,"on time"
"summer","August","Monday","Israir Airlines","Egypt","Israel","short","Clear",,"slight delay"
"summer","August","Monday","Air Hamburg","Armenia","Israel","short","Clear",,"on time"
"summer","August","Monday","Aegean Airlines","Greece","Israel","short","Partly cloudy",,"slight delay"
"summer","August","Monday","El Al","Hungary","Israel","mid","Clear",,"on time"
"summer","August","Monday","Austrian Airlines","Austria","Israel","mid","Clear",,"slight delay"
"summer","August","Monday","Pegasus","Turkey","Israel","short","Clear",,"slight delay"
"summer","August","Monday","Turkish Airlines","Turkey","Israel","short","Clear",,"on time"
"summer","August","Monday","Lufthansa","Germany","Israel","mid","Clear",,"slight delay"
"summer","August","Monday","El Al","United Kingdom","Israel","long","Clear",,"slight delay"
"summer","August","Monday","Wizz Air","Greece","Israel","short","Partly cloudy",,"slight delay"
"summer","August","Monday","Jetcall","Germany","Israel","mid","Clear",,"on time"
"summer","August","Monday","Emirates","United Arab Emirates","Israel","mid","Sunny",,"on time"
"summer","August","Monday","El Al","Spain","Israel","long","Clear",,"on time"
"summer","August","Monday","Tus Airways","Germany","Israel","mid","Partly cloudy",,"heavy delay"
"summer","August","Monday","Lufthansa","Germany","Israel","mid","Clear",,"slight delay"
"summer","August","Monday","UPS","Cyprus","Israel","short","Clear",,"slight delay"
"summer","August","Monday","El Al","France","Israel","mid","Light rain",,"slight delay"
"summer","August","Monday","SmartWings","Cyprus","Israel","short","Clear",,"slight delay"
"summer","August","Monday","Challenge Airlines","Cyprus","Israel","short","Clear",,"on time"
"summer","August","Monday","El Al","United Arab Emirates","Israel","mid","Sunny",,"heavy delay"
"summer","August","Monday","Ryanair","Greece","Israel","short","Partly cloudy",,"on time"
"summer","August","Monday","Air Seychelles","Seychelles","Israel","long","Overcast",,"on time"
"summer","August","Monday","Lufthansa","Germany","Israel","mid","Clear",,"slight delay"
"summer","August","Monday","Smartwings","Georgia","Israel","short","Clear",,"on time"
"summer","August","Monday","Pegasus","Turkey","Israel","short","Clear",,"on time"
"summer","August","Monday","El Al","Germany","Israel","mid","Clear",,"on time"
"summer","August","Monday","Tus Airways","Czechia","Israel","mid","Clear",,"slight delay"
"summer","August","Tuesday","El Al","Georgia","Israel","short","Clear",,"slight delay"
"summer","August","Tuesday","SmartWings","Greece","Israel","mid","Partly cloudy",,"heavy delay"
"summer","August","Tuesday","ITA Airways","Italy","Israel","mid","Clear",,"on time"
"summer","August","Tuesday","Vueling","Spain","Israel","mid","Clear",,"on time"
"summer","August","Tuesday","El Al","France","Israel","mid","Partly cloudy",,"heavy delay"
"summer","August","Monday","El Al","Switzerland","Israel","mid","Clear",,"slight delay"
"summer","August","Monday","El Al","Spain","Israel","mid","Clear",,"on time"
"summer","August","Monday","LEVEL","Spain","Israel","long","Clear",,"on time"
"summer","August","Monday","Gulf Air","Bahrain","Israel","mid","Clear",,"on time"
"summer","August","Monday","MNG Airlines","Turkey","Israel","short","Clear",,"on time"
"summer","August","Monday","Wizz Air","Bulgaria","Israel","mid","Clear",,"on time"
"summer","August","Sunday","United Airlines","United States","Israel","long","Partly cloudy",,"on time"
"summer","August","Monday","Pegasus","Turkey","Israel","short","Clear",,"on time"
"summer","August","Monday","SmartWings","Georgia","Israel","short","Clear",,"slight delay"
"summer","August","Monday","Ryanair","Italy","Israel","mid","Clear",,"on time"
"summer","August","Monday","Ryanair","Cyprus","Israel","short","Clear",,"on time"
"summer","August","Monday","Ryanair","Italy","Israel","mid","Partly cloudy",,"on time"
"summer","August","Monday","El Al","Bulgaria","Israel","mid","Clear",,"on time"
"summer","August","Monday","Israir Airlines (Israel-UAE Agreement Livery)","Georgia","Israel","short","Clear",,"on time"
"summer","August","Monday","SmartWings","Cyprus","Israel","short","Clear",,"on time"
"summer","August","Monday","El Al","Egypt","Israel","short","Clear",,"on time"
"summer","August","Monday","Transavia","France","Israel","mid","Light rain",,"on time"
"summer","August","Monday","El Al","Italy","Israel","mid","Clear",,"on time"
"summer","August","Monday","British Airways","United Kingdom","Israel","long","Clear",,"on time"
"summer","August","Monday","Lufthansa","Germany","Israel","mid","Clear",,"slight delay"
"summer","August","Monday","El Al","Czechia","Israel","mid","Clear",,"on time"
"summer","August","Monday","United Airlines","United States","Israel","long","Partly cloudy",,"heavy delay"
"summer","August","Monday","Ryanair","Belgium","Israel","mid","Partly cloudy",,"slight delay"
"summer","August","Monday","El Al","United States","Israel","long","Partly cloudy",,"on time"
"summer","August","Monday","Turkish Airlines","Turkey","Israel","short","Clear",,"heavy delay"
"summer","August","Monday","EgyptAir","Egypt","Israel","short","Partly cloudy",,"slight delay"
"summer","August","Monday","Corendon Airlines","Turkey","Israel","short","Clear",,"on time"
"summer","August","Monday","LOT","Poland","Israel","mid","Partly cloudy",,"heavy delay"
"summer","August","Monday","NetJets Europe","Germany","Israel","mid","Clear",,"slight delay"
"summer","August","Monday","Cyprus Airways","Cyprus","Israel","short","Clear",,"on time"
"summer","August","Monday","El Al","Russia","Israel","mid","Clear",,"on time"
"summer","August","Monday","","France","Israel","mid","Clear",,"on time"
"summer","August","Monday","Corendon Airlines","Turkey","Israel","short","Clear",,"on time"
"summer","August","Tuesday","Tus Airways","Cyprus","Israel","short","Clear",,"heavy delay"
"summer","August","Tuesday","Aegean Airlines","Greece","Israel","short","Partly cloudy",,"on time"
"summer","August","Tuesday","Israir Airlines","Georgia","Israel","short","Clear",,"heavy delay"
"summer","August","Monday","Finnair","Finland","Israel","mid","Clear",,"on time"
"summer","August","Monday","Bluebird Airways","Greece","Israel","short","Partly cloudy",,"slight delay"
"summer","August","Monday","Wizz Air","Poland","Israel","mid","Fog",,"on time"
"summer","August","Monday","Air France","France","Israel","mid","Light rain",,"slight delay"
"summer","August","Monday","","Sweden","Israel","mid","Clear",,"slight delay"
"summer","August","Tuesday","Smartwings","Georgia","Israel","short","Clear",,"heavy delay"
"summer","August","Tuesday","El Al","Italy","Israel","mid","Partly cloudy",,"slight delay"
"summer","August","Tuesday","Ethiopian Airlines","Ethiopia","Israel","mid","Partly cloudy",,"on time"
"summer","August","Tuesday","Smartwings","Czechia","Israel","mid","Clear",,"on time"
"summer","August","Monday","Bluebird Airways","Greece","Israel","short","Partly cloudy",,"slight delay"
"summer","August","Monday","Ryanair","Lithuania","Israel","mid","Mist",,"on time"